Name: CCTV-1, URL: http://php.jdshipin.com/TVOD/iptv.php?id=rthk33, From: subscribe, IPv_Type: ipv6, Location: 美国, ISP: CloudFlare Inc., Date: None, Delay: 0.1 ms, Speed: inf M/s, Resolution: 1920x1080
Name: CCTV-1, URL: http://iptv.huuc.edu.cn/hls/cctv1hd.m3u8, From: subscribe, IPv_Type: ipv6, Location: 中国, ISP: 教育网, Date: None, Delay: 0.1 ms, Speed: inf M/s, Resolution: 1920x1080
Name: CCTV-1, URL: https://www.freetv.top/migu/608807420.m3u8?migutoken=5b04cf0d91179ab2d3d71703f0a8bc3d32dd02f7d8fb55ee70e05c216b8a9d1a73d911fbde798459fb66d94934157c996f8306c0dd37917775f2ed73dcc22cf84b25ca500bff5c636ff48d6344, From: subscribe, IPv_Type: ipv6, Location: 美国-加利福尼亚州-圣克拉拉, ISP: DigitalOcean, Date: None, Delay: 0.1 ms, Speed: inf M/s, Resolution: 1920x1080
Name: CCTV-1, URL: https://smart.pendy.dpdns.org/Smart.php?id=cctv1, From: subscribe, IPv_Type: ipv6, Location: 美国, ISP: CloudFlare Inc., Date: None, Delay: 0.1 ms, Speed: inf M/s, Resolution: 1920x1080
Name: CCTV-1, URL: http://[2409:8087:1:20:20::29]/otttv.bj.chinamobile.com/PLTV/88888888/224/3221226895/1.m3u8?servicetype=1&accountinfo=%7E%7EV2.0%7EI0Rkc6neBYgfpoJ1yud8Fw%7EPepnxHHB2d6Hk2dZWM77MyFlBN5q1KnYLvimM9pqT7Epd7QgO4HFWH0z34SUb2Vs%7EExtInfo9bj61dxzlMXrsixrqcFYPg%3A20240420192714%2C%2C%2C20240420192714%2C%2C10001000275495%2C-1%2C0%2C1%2C-1%2C%2C2%2C2201300%2C%2C%2C2%2C%2C%2CEND&GuardEncType=2, From: subscribe, IPv_Type: ipv6, Location: 中国, ISP: 中国移动, Date: None, Delay: 0.1 ms, Speed: inf M/s, Resolution: 1920x1080
Name: CCTV-1, URL: http://[2409:8087:1a01:df::4077]/ottrrs.hl.chinamobile.com/PLTV/88888888/8/3221226016/index.m3u8, From: subscribe, IPv_Type: ipv6, Location: 中国, ISP: 中国移动, Date: None, Delay: 0.1 ms, Speed: inf M/s, Resolution: 1920x1080
Name: CCTV-1, URL: http://[2409:8087:8:21::18]:6610/otttv.bj.chinamobile.com/PLTV/88888888/224/3221226338/1.m3u8, From: subscribe, IPv_Type: ipv6, Location: 中国, ISP: 中国移动, Date: None, Delay: 0.1 ms, Speed: inf M/s, Resolution: 1920x1080
Name: CCTV-1, URL: http://[2409:8087:1a0a:df::404b]/ottrrs.hl.chinamobile.com/TVOD/88888888/224/3221226559/index.m3u8, From: subscribe, IPv_Type: ipv6, Location: 中国, ISP: 中国移动, Date: None, Delay: 0.1 ms, Speed: inf M/s, Resolution: 1920x1080
Name: CCTV-1, URL: http://[2409:8087:1a01:df::4077]/ottrrs.hl.chinamobile.com/PLTV/88888888/224/3221226016/index.m3u8, From: subscribe, IPv_Type: ipv6, Location: 中国, ISP: 中国移动, Date: None, Delay: 0.1 ms, Speed: inf M/s, Resolution: 1920x1080
Name: CCTV-1, URL: https://www.freetv.top/migu/608807420.m3u8?migutoken=7653cf8ec6440c201ccd67dfdbdd9a4c8401078f6b4cef8fc9258c372e1780fa8e3c5de722f5ac2cda4bd2291ccdf287a6caaac860219844ccf49b78b010dec5742f609b951e599c4b873bf8ad, From: subscribe, IPv_Type: ipv6, Location: 美国-加利福尼亚州-圣克拉拉, ISP: DigitalOcean, Date: None, Delay: 0.1 ms, Speed: inf M/s, Resolution: 1920x1080
Name: CCTV-1, URL: https://www.freetv.top/migu/608807420.m3u8?migutoken=d46a7802f5e358560129ef9519cb7db38f9f355847dd255fb5ac47a4bf8e3c6b5b980b45749fb1cb373b654d43a6fc41c66a124ad66ee40a80f07e155334fe6f023993dc3f284f86ab66653797, From: subscribe, IPv_Type: ipv6, Location: 美国-加利福尼亚州-圣克拉拉, ISP: DigitalOcean, Date: None, Delay: 0.1 ms, Speed: inf M/s, Resolution: 1920x1080
Name: CCTV-1, URL: https://www.freetv.top/migu/608807420.m3u8?migutoken=b6a50213ea411edfdeda0e4c7abb5985d6a4f4c3d2f34274d4906fe15400b56f0a5a4ae5fb1d8e0ba25591ea3977d8cc6e1a4faa5a316308a146dfe83d122086fb13709fb6495fea020b068333, From: subscribe, IPv_Type: ipv6, Location: 美国-加利福尼亚州-圣克拉拉, ISP: DigitalOcean, Date: None, Delay: 0.1 ms, Speed: inf M/s, Resolution: 1920x1080
Name: CCTV-1, URL: https://www.freetv.top/migu/608807420.m3u8?migutoken=9674d857d6e43e0789d8ec76bab7cdbe190192db368f8f0e2f8018a3e2a160ee9f9ce8d41030046da2b0373378dd65c74a6af0f9a31b8828027b8367d720ea077aef2f2a08a603b4e16074c6b9, From: subscribe, IPv_Type: ipv6, Location: 美国-加利福尼亚州-圣克拉拉, ISP: DigitalOcean, Date: None, Delay: 0.1 ms, Speed: inf M/s, Resolution: 1920x1080
Name: CCTV-1, URL: https://www.freetv.top/migu/608807420.m3u8?migutoken=b0831136e327a93587e1920b5595d227c66a7f1a6aabb8e7532bc0682db88a37af6a27b88fde476a02c5f83db38f3b3e864bcf981c57f7fed9877095a1e2fac1a149f0f8869c5c1dc147bee7be, From: subscribe, IPv_Type: ipv6, Location: 美国-加利福尼亚州-圣克拉拉, ISP: DigitalOcean, Date: None, Delay: 0.1 ms, Speed: inf M/s, Resolution: 1920x1080
Name: CCTV-1, URL: https://www.freetv.top/migu/608807420.m3u8?migutoken=ba552a2083efcc0e9cac8e15f58b13e090dab068fdb3997d064fd7e6e5f165824a5caaa619f3447f77d75712ad65bd76cb137741f46b0a28cb1afc020328b9b4ec1d3f8e8fed80beb6245b6544, From: subscribe, IPv_Type: ipv6, Location: 美国-加利福尼亚州-圣克拉拉, ISP: DigitalOcean, Date: None, Delay: 0.1 ms, Speed: inf M/s, Resolution: 1920x1080
Name: CCTV-1, URL: https://www.freetv.top/migu/608807420.m3u8?migutoken=16a362b923a43fa0d4ce2aba3ecd88cd5e53be41dc5d15a9d1c9bad7fb665c1a2cee1355de7ca1df5ea56c38b88d68c7837724e9d16f358d73f49a202d62a71f7b2eb754beefe9b46eb9e8ab25, From: subscribe, IPv_Type: ipv6, Location: 美国-加利福尼亚州-圣克拉拉, ISP: DigitalOcean, Date: None, Delay: 0.1 ms, Speed: inf M/s, Resolution: 1920x1080
Name: CCTV-1, URL: http://yc.myds.me:35455/gaoma/cctv1.m3u8, From: subscribe, IPv_Type: ipv6, Location: 中国, ISP: 中国电信, Date: None, Delay: 0.1 ms, Speed: inf M/s, Resolution: 1920x1080
Name: CCTV-1, URL: http://nas.suntao.online:35455/itv/6000000001000029752.m3u8?cdn=wasusyt, From: subscribe, IPv_Type: ipv6, Location: 中国, ISP: 中国联通, Date: None, Delay: 0.1 ms, Speed: inf M/s, Resolution: 1920x1080
Name: CCTV-1, URL: http://iptv.cdn.ha.chinamobile.com/PLTV/88888888/224/3221227262/index.m3u8, From: subscribe, IPv_Type: ipv6, Location: 中国, ISP: 中国移动, Date: None, Delay: 0.1 ms, Speed: inf M/s, Resolution: 1920x1080
Name: CCTV-1, URL: http://hwrr.jx.chinamobile.com:8080/PLTV/88888888/224/3221225618/index.m3u8, From: subscribe, IPv_Type: ipv6, Location: 中国, ISP: 中国移动, Date: None, Delay: 0.1 ms, Speed: inf M/s, Resolution: 1920x1080
Name: CCTV-1, URL: http://hwrr.jx.chinamobile.com:8080/PLTV/88888888/224/3221225642/index.m3u8, From: subscribe, IPv_Type: ipv6, Location: 中国, ISP: 中国移动, Date: None, Delay: 0.1 ms, Speed: inf M/s, Resolution: 1920x1080
Name: CCTV-1, URL: http://hwrr.jx.chinamobile.com:8080/PLTV/88888888/224/3221226221/index.m3u8, From: subscribe, IPv_Type: ipv6, Location: 中国, ISP: 中国移动, Date: None, Delay: 0.1 ms, Speed: inf M/s, Resolution: 1920x1080
Name: CCTV-1, URL: http://hwrr.jx.chinamobile.com:8080/PLTV/88888888/224/3221226225/index.m3u8, From: subscribe, IPv_Type: ipv6, Location: 中国, ISP: 中国移动, Date: None, Delay: 0.1 ms, Speed: inf M/s, Resolution: 1920x1080
Name: CCTV-1, URL: http://lu.wqwqwq.sbs/itv/1000000005000265001.m3u8?cdn=ystenlive, From: subscribe, IPv_Type: ipv6, Location: 美国, ISP: CloudFlare Inc., Date: None, Delay: 0.1 ms, Speed: inf M/s, Resolution: 1920x1080
Name: CCTV-1, URL: http://[2409:8087:5e01:34::21]:6610/ZTE_CMS/00000001000000060000000000000131/index.m3u8?IAS, From: subscribe, IPv_Type: ipv6, Location: 中国, ISP: 中国移动, Date: None, Delay: 0.1 ms, Speed: inf M/s, Resolution: 1920x1080
Name: CCTV-1, URL: http://[2409:8087:5e01:34::22]:6610/ZTE_CMS/00000001000000060000000000000131/index.m3u8?IAS, From: subscribe, IPv_Type: ipv6, Location: 中国, ISP: 中国移动, Date: None, Delay: 0.1 ms, Speed: inf M/s, Resolution: 1920x1080
Name: CCTV-1, URL: http://[2409:8087:5e01:34::23]:6610/ZTE_CMS/00000001000000060000000000000131/index.m3u8?IAS, From: subscribe, IPv_Type: ipv6, Location: 中国, ISP: 中国移动, Date: None, Delay: 0.1 ms, Speed: inf M/s, Resolution: 1920x1080
Name: CCTV-1, URL: http://[2409:8087:5e01:34::20]:6610/ZTE_CMS/00000001000000060000000000000131/index.m3u8?IAS, From: subscribe, IPv_Type: ipv6, Location: 中国, ISP: 中国移动, Date: None, Delay: 0.1 ms, Speed: inf M/s, Resolution: 1920x1080
Name: CCTV-1, URL: http://dbiptv.sn.chinamobile.com/PLTV/88888890/224/3221226231/index.m3u8, From: subscribe, IPv_Type: ipv6, Location: 中国, ISP: 中国移动, Date: None, Delay: 0.1 ms, Speed: inf M/s, Resolution: 1920x1080
Name: CCTV-1, URL: https://stream1.freetv.fun/354e2e055127bbf43693aa848d84f93f5bcc517472a8858f188f313dbf157f51.m3u8, From: subscribe, IPv_Type: ipv6, Location: 美国, ISP: CloudFlare Inc., Date: None, Delay: 0.1 ms, Speed: inf M/s, Resolution: 1920x1080
Name: CCTV-1, URL: https://stream1.freetv.fun/df7cf71b3e02015b9029ac087b3eec56fde92fd81d162962570629faec293037.m3u8, From: subscribe, IPv_Type: ipv6, Location: 美国, ISP: CloudFlare Inc., Date: None, Delay: 0.1 ms, Speed: inf M/s, Resolution: 1920x1080
Name: CCTV-1, URL: https://stream1.freetv.fun/e87ac64457c976111fc8524f11c25da508b807c29647c571b45ab13a609917c2.m3u8, From: subscribe, IPv_Type: ipv6, Location: 美国, ISP: CloudFlare Inc., Date: None, Delay: 0.1 ms, Speed: inf M/s, Resolution: 1920x1080
Name: CCTV-1, URL: https://stream1.freetv.fun/f1fa8406434117dfaa5c0b174fa90a31da74b1ad921fc3ce3662a40cff4d9001.m3u8, From: subscribe, IPv_Type: ipv6, Location: 美国, ISP: CloudFlare Inc., Date: None, Delay: 0.1 ms, Speed: inf M/s, Resolution: 1920x1080
Name: CCTV-1, URL: http://php.jdshipin.com:8880/TVOD/iptv.php?id=rthk33, From: subscribe, IPv_Type: ipv6, Location: 美国, ISP: CloudFlare Inc., Date: None, Delay: 0.1 ms, Speed: inf M/s, Resolution: 1920x1080
Name: CCTV-1, URL: https://stream1.freetv.fun/rthk33-1.m3u8, From: subscribe, IPv_Type: ipv6, Location: 美国, ISP: CloudFlare Inc., Date: None, Delay: 0.1 ms, Speed: inf M/s, Resolution: 1920x1080
Name: CCTV-1, URL: https://stream1.freetv.fun/3cd84be1fb3623f1c3ba7d3d26e3d607331255d6559bd3e6ded774a1ff7c2b89.m3u8, From: subscribe, IPv_Type: ipv6, Location: 美国, ISP: CloudFlare Inc., Date: None, Delay: 0.1 ms, Speed: inf M/s, Resolution: 1920x1080
Name: CCTV-1, URL: https://ldncctvwbndhwy.cntv.myhwcdn.cn/ldncctvwbnd/ldcctv1_2/index.m3u8, From: subscribe, IPv_Type: ipv6, Location: 中国, ISP: 中国联通, Date: None, Delay: 0.1 ms, Speed: inf M/s, Resolution: 1920x1080
Name: CCTV-1, URL: https://cdn5.163189.xyz/live/cctv1/stream.m3u8, From: subscribe, IPv_Type: ipv6, Location: 美国, ISP: CloudFlare Inc., Date: None, Delay: 0.1 ms, Speed: inf M/s, Resolution: 1920x1080
Name: CCTV-1, URL: https://www.freetv.top/migu/608807420.m3u8?migutoken=80908303af21bc464e188f7e6e33e325e8ac7cc103c5c0c6353cc836f0908085ba7e93a6689a2d96daf2f163fd9d3732ba71e1288a2e8bb2bf6ed82066df1e6eafbedc4ce9a9f3aa896c0e4cd9, From: subscribe, IPv_Type: ipv6, Location: 美国-加利福尼亚州-圣克拉拉, ISP: DigitalOcean, Date: None, Delay: 0.1 ms, Speed: inf M/s, Resolution: 1920x1080
Name: CCTV-1, URL: https://www.freetv.top/migu/608807420.m3u8?migutoken=2a6c4fb9cc8f7f2e3b74e061cd6015c3fac382e2bed56fc0e7ec642cda0243f33539c8b831a81a788ef263a552c1fc2e83f85c3aca1c5ac20b670cab6b54dd26fb6cfd1adfd5a289207103e06b, From: subscribe, IPv_Type: ipv6, Location: 美国-加利福尼亚州-圣克拉拉, ISP: DigitalOcean, Date: None, Delay: 0.1 ms, Speed: inf M/s, Resolution: 1920x1080
Name: CCTV-1, URL: http://www.freetv.top/migu/608807420.m3u8?migutoken=491f039071b1e5ca7ea22dab208a3373abd0aa38187ac74446778154f03126d09cf16f03bab30bbbe6b3654715b39584417cebbd010b1b65144b4d683dc814c330efffb70a09c7630ddbb49120, From: subscribe, IPv_Type: ipv6, Location: 美国-加利福尼亚州-圣克拉拉, ISP: DigitalOcean, Date: None, Delay: 0.1 ms, Speed: inf M/s, Resolution: 1920x1080
Name: CCTV-1, URL: https://www.freetv.top/migu/608807420.m3u8?migutoken=701afbfc9d2f77d62a9cc2f9479ecde3db6cef36d454660b5d2f0ffb3a1017d0e04c2e19dcbb7c344d80cfb64e43e90dd66c458476898ee612d0e2e9261645fcfc0d32fb90cdf2021d89c4877a, From: subscribe, IPv_Type: ipv6, Location: 美国-加利福尼亚州-圣克拉拉, ISP: DigitalOcean, Date: None, Delay: 0.1 ms, Speed: inf M/s, Resolution: 1920x1080
Name: CCTV-1, URL: https://www.freetv.top/migu/608807420.m3u8?migutoken=616bff0550349c6e67acff477cb46f9414058f2f80a6037f87e37174fab7a88ce43007f82993964b9222c5578037b6435c076ec1a3cd9712bffad24d5fb5293d9665b5fce5f6d1ec1012231552, From: subscribe, IPv_Type: ipv6, Location: 美国-加利福尼亚州-圣克拉拉, ISP: DigitalOcean, Date: None, Delay: 0.1 ms, Speed: inf M/s, Resolution: 1920x1080
Name: CCTV-1, URL: https://www.freetv.top/migu/608807420.m3u8?migutoken=184a95f0cdaaf7c1f3c7b4cd06d432af7234562e68074726eac10898c158cf1eea49819ced71b5e3d2f3ea0023ff71f8062e39a0a92ffd236a2c1ef4a30ca7f3cb03548908d23e6c6d685437e2, From: subscribe, IPv_Type: ipv6, Location: 美国-加利福尼亚州-圣克拉拉, ISP: DigitalOcean, Date: None, Delay: 0.1 ms, Speed: inf M/s, Resolution: 1920x1080
Name: CCTV-1, URL: http://zteres.sn.chinamobile.com:6060/000000001000/5000000004000002226/1.m3u8?channel-id=bestzb&Contentid=5000000004000002226&livemode=1&stbId=3, From: subscribe, IPv_Type: ipv6, Location: 中国, ISP: 中国移动, Date: None, Delay: 0.1 ms, Speed: inf M/s, Resolution: 1920x1080
Name: CCTV-1, URL: http://zteres.sn.chinamobile.com:6060/000000001000/5000000010000030810/1.m3u8?channel-id=bestzb&Contentid=5000000010000030810&livemode=1&stbId=3, From: subscribe, IPv_Type: ipv6, Location: 中国, ISP: 中国移动, Date: None, Delay: 0.1 ms, Speed: inf M/s, Resolution: 1920x1080
Name: CCTV-1, URL: http://[2409:8087:4c0a:22:1::11]:6410/170000001115/UmaiCHAN111128BESTVSMGSMG/index.m3u8?AuthInfo=9kOOdBn7MFF%2F2bWjKgahUU6FFmRK8Hl0ytyd5e5kWGEwoDIwMxbrlyyVy9x6ZDKnldIYKOjBOUjRyoym5n7Kg0yIYstFTUfqtC14fzxhy5Y, From: subscribe, IPv_Type: ipv6, Location: 中国, ISP: 中国移动, Date: None, Delay: 0.1 ms, Speed: inf M/s, Resolution: 1920x1080
Name: CCTV-1, URL: http://[2409:8087:5e00:24::1f]:6060/ZTE_CMS/00000001000000060000000000000131/index.m3u8, From: subscribe, IPv_Type: ipv6, Location: 中国, ISP: 中国移动, Date: None, Delay: 0.1 ms, Speed: inf M/s, Resolution: 1920x1080
Name: CCTV-1, URL: http://[2409:8087:74f0:22::4]:6610/270000001128/9900000501/index.m3u8, From: subscribe, IPv_Type: ipv6, Location: 中国, ISP: 中国移动, Date: None, Delay: 0.1 ms, Speed: inf M/s, Resolution: 1920x1080
Name: CCTV-1, URL: http://[2409:8087:1a01:df::7005]/ottrrs.hl.chinamobile.com/PLTV/88888888/224/3221226559/index.m3u8, From: subscribe, IPv_Type: ipv6, Location: 中国, ISP: 中国移动, Date: None, Delay: 0.1 ms, Speed: inf M/s, Resolution: 1920x1080
Name: CCTV-1, URL: http://[2409:8087:3869:8021:1001::e5]:6610/PLTV/88888910/224/3221225642/index.m3u8, From: subscribe, IPv_Type: ipv6, Location: 中国, ISP: 中国移动, Date: None, Delay: 0.1 ms, Speed: inf M/s, Resolution: 1920x1080
Name: CCTV-1, URL: http://[2409:8087:8:21::18]:6610/otttv.bj.chinamobile.com/PLTV/88888888/224/3221226895/1.m3u8, From: subscribe, IPv_Type: ipv6, Location: 中国, ISP: 中国移动, Date: None, Delay: 0.1 ms, Speed: inf M/s, Resolution: 1920x1080
Name: CCTV-1, URL: http://rrs01.hw.gmcc.net:8088/PLTV/81/224/3221226737/1.m3u8, From: subscribe, IPv_Type: ipv6, Location: 中国, ISP: 中国移动, Date: None, Delay: 0.1 ms, Speed: inf M/s, Resolution: 1920x1080
Name: CCTV-1, URL: http://[2409:8087:8:21::18]:6610/otttv.bj.chinamobile.com/PLTV/88888888/224/3221226230/1.m3u8, From: subscribe, IPv_Type: ipv6, Location: 中国, ISP: 中国移动, Date: None, Delay: 0.1 ms, Speed: inf M/s, Resolution: 1920x1080
Name: CCTV-1, URL: http://k.061899.xyz/m.php?id=cctv1, From: subscribe, IPv_Type: ipv6, Location: 新加坡, ISP: Aceville Pte.Ltd., Date: None, Delay: 0.1 ms, Speed: inf M/s, Resolution: 1920x1080
Name: CCTV-1, URL: http://[2409:8087:1a15:10d1::36]/ottrrs.hl.chinamobile.com/PLTV/88888888/224/3221226016/index.m3u8, From: subscribe, IPv_Type: ipv6, Location: 中国, ISP: 中国移动, Date: None, Delay: 0.1 ms, Speed: inf M/s, Resolution: 1920x1080
Name: CCTV-1, URL: http://[2409:8087:1a15:10d1::34]/ottrrs.hl.chinamobile.com/PLTV/88888888/224/3221226559/index.m3u8, From: subscribe, IPv_Type: ipv6, Location: 中国, ISP: 中国移动, Date: None, Delay: 0.1 ms, Speed: inf M/s, Resolution: 1920x1080
Name: CCTV-1, URL: http://[2409:8087:5e00:24::1e]:6060/200000001898/460000089800010011/1.m3u8, From: subscribe, IPv_Type: ipv6, Location: 中国, ISP: 中国移动, Date: None, Delay: 0.1 ms, Speed: inf M/s, Resolution: 1920x1080
Name: CCTV-1, URL: http://[2409:8087:5e08:25::16]:6610/200000001898/460000089800010011/1.m3u8, From: subscribe, IPv_Type: ipv6, Location: 中国, ISP: 中国移动, Date: None, Delay: 0.1 ms, Speed: inf M/s, Resolution: 1920x1080
Name: CCTV-1, URL: https://migu.188766.xyz/?migutoken=6598d13b64b01bf74fc04c13b92b9cb6&id=CCTV1&pp=1, From: subscribe, IPv_Type: ipv6, Location: 美国, ISP: CloudFlare Inc., Date: None, Delay: 0.1 ms, Speed: inf M/s, Resolution: 1920x1080
Name: CCTV-1, URL: https://cc06.tv12.xyz/1.m3u8, From: subscribe, IPv_Type: ipv6, Location: 美国, ISP: CloudFlare Inc., Date: None, Delay: 0.1 ms, Speed: inf M/s, Resolution: 1920x1080
Name: CCTV-1, URL: http://gslbmgsplive.miguvideo.com/wd_r2/cctv/cctv1hd/1200/index.m3u8?msisdn=20250919080129dbe47765fb1e4e9f96aedf4ac0b9d442&mdspid=&spid=699004&netType=0&sid=2201057821&pid=2028597139&timestamp=20250919080129&Channel_ID=0116_2600000900-99000-201600010010027&ProgramID=608807420&ParentNodeID=-99&assertID=2201057821&client_ip=106.13.250.88&SecurityKey=20250919080129&promotionId=&mvid=2201057821&mcid=500020&playurlVersion=WX-A1-8.9.1-RELEASE&userid=&jmhm=&videocodec=h264&bean=mgspad&tid=android&conFee=0&puData=0d7903598509441103376191d7786cc5&ddCalcu=50cdec716988007375d91895106974343101, From: subscribe, IPv_Type: ipv6, Location: 中国, ISP: 中国移动, Date: None, Delay: 0.1 ms, Speed: inf M/s, Resolution: 1920x1080
Name: CCTV-1, URL: http://zjzcf.synology.me:35455/gaoma/cctv1.m3u8, From: subscribe, IPv_Type: ipv6, Location: 中国, ISP: 中国移动, Date: None, Delay: 0.1 ms, Speed: inf M/s, Resolution: 1920x1080
Name: CCTV-1, URL: https://jzb.wwkejishe.top/?id=578, From: subscribe, IPv_Type: ipv6, Location: 美国, ISP: CloudFlare Inc., Date: None, Delay: 0.1 ms, Speed: inf M/s, Resolution: 1920x1080
Name: CCTV-1, URL: https://migu.188766.xyz/?migutoken=b31651ab204eb1a3fdaeb9b957af3c63&id=CCTV1&type=yy, From: subscribe, IPv_Type: ipv6, Location: 美国, ISP: CloudFlare Inc., Date: None, Delay: 0.1 ms, Speed: inf M/s, Resolution: 1920x1080
Name: CCTV-1, URL: https://hls-gateway.vpstv.net/streams/476879.m3u8, From: subscribe, IPv_Type: ipv6, Location: 美国, ISP: CloudFlare Inc., Date: None, Delay: 0.1 ms, Speed: inf M/s, Resolution: 1920x1080
Name: CCTV-1, URL: https://migu.188766.xyz/?migutoken=5df8925c507e55e433a7134877b54c1c&id=CCTV1&type=yy, From: subscribe, IPv_Type: ipv6, Location: 美国, ISP: CloudFlare Inc., Date: None, Delay: 0.1 ms, Speed: inf M/s, Resolution: 1920x1080
Name: CCTV-1, URL: http://gslbmgsplive.miguvideo.com/wd_r2/cctv/cctv1hd/1200/index.m3u8?msisdn=2025111406002874a67c1cb0544ff88565971f28cc4469&mdspid=&spid=699004&netType=0&sid=2201057821&pid=2028597139&timestamp=20251114060028&Channel_ID=0116_2600000900-99000-201600010010027&ProgramID=608807420&ParentNodeID=-99&assertID=2201057821&client_ip=106.13.250.90&SecurityKey=20251114060028&promotionId=&mvid=2201057821&mcid=500020&playurlVersion=WX-A1-8.10.1-RELEASE&userid=&jmhm=&videocodec=h264&bean=mgspad&tid=android&conFee=0&puData=3327dd6b86c97e71be62ab8b9aabff88&ddCalcu=8383ef21f78bd0ada69bb886bca9276ee7b1, From: subscribe, IPv_Type: ipv6, Location: 中国, ISP: 中国移动, Date: None, Delay: 0.1 ms, Speed: inf M/s, Resolution: 1920x1080
Name: CCTV-1, URL: https://iptv.catvod.com/live.php?id=CCTV1%E7%BB%BC%E5%90%88, From: subscribe, IPv_Type: ipv6, Location: 美国, ISP: CloudFlare Inc., Date: None, Delay: 0.1 ms, Speed: inf M/s, Resolution: 1920x1080
Name: CCTV-1, URL: http://[2409:8087:8:21::18]:6610/otttv.bj.chinamobile.com/PLTV/88888888/224/3221226895/1.m3u8?, From: subscribe, IPv_Type: ipv6, Location: 中国, ISP: 中国移动, Date: None, Delay: 0.1 ms, Speed: inf M/s, Resolution: 1920x1080
Name: CCTV-1, URL: https://live.chinacert.cftest5.cn/mg/?id=608807420, From: subscribe, IPv_Type: ipv6, Location: 中国, ISP: 中国联通, Date: None, Delay: 0.1 ms, Speed: inf M/s, Resolution: 1920x1080
Name: CCTV-1, URL: https://migu.188766.xyz/?migutoken=c4ff80176b5eabb2a5cc919530a38dac&id=CCTV1&type=yy, From: subscribe, IPv_Type: ipv6, Location: 美国, ISP: CloudFlare Inc., Date: None, Delay: 0.1 ms, Speed: inf M/s, Resolution: 1920x1080
Name: CCTV-1, URL: http://gslbmgsplive.miguvideo.com/wd_r2/cctv/cctv1hd/1200/index.m3u8?msisdn=20251115080054b4ab1040b4ce478ba2ad140e0f9a2bd7&mdspid=&spid=699004&netType=0&sid=2201057821&pid=2028597139&timestamp=20251115080054&Channel_ID=0116_2600000900-99000-201600010010027&ProgramID=608807420&ParentNodeID=-99&assertID=2201057821&client_ip=106.13.250.89&SecurityKey=20251115080054&promotionId=&mvid=2201057821&mcid=500020&playurlVersion=WX-A1-8.10.1-RELEASE&userid=&jmhm=&videocodec=h264&bean=mgspad&tid=android&conFee=0&puData=40a9159b3480908157863c3de3692e72&ddCalcu=2470eea12989106539ebd334c83069807851, From: subscribe, IPv_Type: ipv6, Location: 中国, ISP: 中国移动, Date: None, Delay: 0.1 ms, Speed: inf M/s, Resolution: 1920x1080
Name: CCTV-1, URL: https://migu.188766.xyz/?migutoken=759ef1f5785dfe47cadc315b8e438dda&id=CCTV1&type=yy, From: subscribe, IPv_Type: ipv6, Location: 美国, ISP: CloudFlare Inc., Date: None, Delay: 0.1 ms, Speed: inf M/s, Resolution: 1920x1080
Name: CCTV-1, URL: http://gslbmgsplive.miguvideo.com/wd_r2/cctv/cctv1hd/1200/index.m3u8?msisdn=20251116080054b3aee6f63cca44dab480e036831aeb80&mdspid=&spid=699004&netType=0&sid=2201057821&pid=2028597139&timestamp=20251116080054&Channel_ID=0116_2600000900-99000-201600010010027&ProgramID=608807420&ParentNodeID=-99&assertID=2201057821&client_ip=106.13.250.83&SecurityKey=20251116080054&promotionId=&mvid=2201057821&mcid=500020&playurlVersion=WX-A1-8.10.1-RELEASE&userid=&jmhm=&videocodec=h264&bean=mgspad&tid=android&conFee=0&puData=a627f760177adbd36117a59f0fe304fc&ddCalcu=caf6e4210783f0e7f600f19757aa7d1b1d63, From: subscribe, IPv_Type: ipv6, Location: 中国, ISP: 中国移动, Date: None, Delay: 0.1 ms, Speed: inf M/s, Resolution: 1920x1080
Name: CCTV-1, URL: https://migu.188766.xyz/?migutoken=b1c4f536c6e186db92ff634a43c64e16&id=CCTV1&type=yy, From: subscribe, IPv_Type: ipv6, Location: 美国, ISP: CloudFlare Inc., Date: None, Delay: 0.1 ms, Speed: inf M/s, Resolution: 1920x1080
Name: CCTV-1, URL: http://gslbmgsplive.miguvideo.com/wd_r2/cctv/cctv1hd/1200/index.m3u8?msisdn=202511170800521a26daeea5d44289bbf911e9ae7ac6d8&mdspid=&spid=699004&netType=0&sid=2201057821&pid=2028597139&timestamp=20251117080052&Channel_ID=0116_2600000900-99000-201600010010027&ProgramID=608807420&ParentNodeID=-99&assertID=2201057821&client_ip=106.13.250.90&SecurityKey=20251117080052&promotionId=&mvid=2201057821&mcid=500020&playurlVersion=WX-A1-8.10.1-RELEASE&userid=&jmhm=&videocodec=h264&bean=mgspad&tid=android&conFee=0&puData=e01a8f959af5c19f21b8229e16b8aa20&ddCalcu=0e20ea11aa8880bf6915e99a2f258cb1192f, From: subscribe, IPv_Type: ipv6, Location: 中国, ISP: 中国移动, Date: None, Delay: 0.1 ms, Speed: inf M/s, Resolution: 1920x1080
Name: CCTV-1, URL: https://migu.188766.xyz/?migutoken=f867c8ee91269acecf6f8e7b8a33995e&id=CCTV1&type=yy, From: subscribe, IPv_Type: ipv6, Location: 美国, ISP: CloudFlare Inc., Date: None, Delay: 0.1 ms, Speed: inf M/s, Resolution: 1920x1080
Name: CCTV-1, URL: http://gslbmgsplive.miguvideo.com/wd_r2/cctv/cctv1hd/1200/index.m3u8?msisdn=20251118080045104160aa707345ca99865372d396d2b8&mdspid=&spid=699004&netType=0&sid=2201057821&pid=2028597139&timestamp=20251118080045&Channel_ID=0116_2600000900-99000-201600010010027&ProgramID=608807420&ParentNodeID=-99&assertID=2201057821&client_ip=106.13.250.90&SecurityKey=20251118080045&promotionId=&mvid=2201057821&mcid=500020&playurlVersion=WX-A1-8.10.1-RELEASE&userid=&jmhm=&videocodec=h264&bean=mgspad&tid=android&conFee=0&puData=709c4bbf1537ae8c42c04ff2a35ec2d0&ddCalcu=07d0e291cc8e405b3baf21f5f3470ace284c, From: subscribe, IPv_Type: ipv6, Location: 中国, ISP: 中国移动, Date: None, Delay: 0.1 ms, Speed: inf M/s, Resolution: 1920x1080
Name: CCTV-1, URL: https://iptv.catvod.com/live.php?id=cctv1, From: subscribe, IPv_Type: ipv6, Location: 美国, ISP: CloudFlare Inc., Date: None, Delay: 0.1 ms, Speed: inf M/s, Resolution: 1920x1080
Name: CCTV-1, URL: https://migu.188766.xyz/?migutoken=e6a02cbea27c049e17437540c5f4af1a&id=CCTV1&type=yy, From: subscribe, IPv_Type: ipv6, Location: 美国, ISP: CloudFlare Inc., Date: None, Delay: 0.1 ms, Speed: inf M/s, Resolution: 1920x1080
Name: CCTV-1, URL: http://gslbmgsplive.miguvideo.com/wd_r2/cctv/cctv1hd/1200/index.m3u8?msisdn=20251118160034e482cffc5fb145bf80d062b4ab3b5789&mdspid=&spid=699004&netType=0&sid=2201057821&pid=2028597139&timestamp=20251118160034&Channel_ID=0116_2600000900-99000-201600010010027&ProgramID=608807420&ParentNodeID=-99&assertID=2201057821&client_ip=106.13.250.90&SecurityKey=20251118160034&promotionId=&mvid=2201057821&mcid=500020&playurlVersion=WX-A1-8.10.1-RELEASE&userid=&jmhm=&videocodec=h264&bean=mgspad&tid=android&conFee=0&puData=99732cffb9a7f3cde6e647b786568aae&ddCalcu=e9a9ea718386205c6f8f7bb97a476fe36ced, From: subscribe, IPv_Type: ipv6, Location: 中国, ISP: 中国移动, Date: None, Delay: 0.1 ms, Speed: inf M/s, Resolution: 1920x1080
Name: CCTV-1, URL: https://migu.188766.xyz/?migutoken=cab0a099fb214910fdb3e1480b9e9dfc&id=CCTV1&type=yy, From: subscribe, IPv_Type: ipv6, Location: 美国, ISP: CloudFlare Inc., Date: None, Delay: 0.1 ms, Speed: inf M/s, Resolution: 1920x1080
Name: CCTV-1, URL: http://gslbmgsplive.miguvideo.com/wd_r2/cctv/cctv1hd/1200/index.m3u8?msisdn=202511200800565cac7148eb364a2ea07f9d25eb17ab77&mdspid=&spid=699004&netType=0&sid=2201057821&pid=2028597139&timestamp=20251120080056&Channel_ID=0116_2600000900-99000-201600010010027&ProgramID=608807420&ParentNodeID=-99&assertID=2201057821&client_ip=106.13.250.90&SecurityKey=20251120080056&promotionId=&mvid=2201057821&mcid=500020&playurlVersion=WX-A1-8.11.1-RELEASE&userid=&jmhm=&videocodec=h264&bean=mgspad&tid=android&conFee=0&puData=14693b9a1fa20f5bec7dbfb62fcc151a&ddCalcu=a114e562198c30cbf92a61bffab2d07fc5eb, From: subscribe, IPv_Type: ipv6, Location: 中国, ISP: 中国移动, Date: None, Delay: 0.1 ms, Speed: inf M/s, Resolution: 1920x1080
Name: CCTV-1, URL: https://migu.188766.xyz/?migutoken=10d9ff11e36e3f6e10ffc432e78dd6bd&id=CCTV1&type=yy, From: subscribe, IPv_Type: ipv6, Location: 美国, ISP: CloudFlare Inc., Date: None, Delay: 0.1 ms, Speed: inf M/s, Resolution: 1920x1080
Name: CCTV-1, URL: http://gslbmgsplive.miguvideo.com/wd_r2/cctv/cctv1hd/1200/index.m3u8?msisdn=20251121060034126347e228b84e42a9747262aee1bca0&mdspid=&spid=699004&netType=0&sid=2201057821&pid=2028597139&timestamp=20251121060034&Channel_ID=0116_2600000900-99000-201600010010027&ProgramID=608807420&ParentNodeID=-99&assertID=2201057821&client_ip=106.13.250.90&SecurityKey=20251121060034&promotionId=&mvid=2201057821&mcid=500020&playurlVersion=WX-A1-8.11.1-RELEASE&userid=&jmhm=&videocodec=h264&bean=mgspad&tid=android&conFee=0&puData=723887758f7a78d1d63fb35b586da28c&ddCalcu=c782e232a88d80678755b85f37baf7386dd1, From: subscribe, IPv_Type: ipv6, Location: 中国, ISP: 中国移动, Date: None, Delay: 0.1 ms, Speed: inf M/s, Resolution: 1920x1080
Name: CCTV-1, URL: https://migu.188766.xyz/?migutoken=819a5afdd2f78fc4c963037bfa4c9895&id=CCTV1&type=yy, From: subscribe, IPv_Type: ipv6, Location: 美国, ISP: CloudFlare Inc., Date: None, Delay: 0.1 ms, Speed: inf M/s, Resolution: 1920x1080
Name: CCTV-1, URL: http://gslbmgsplive.miguvideo.com/wd_r2/cctv/cctv1hd/1200/index.m3u8?msisdn=20251122060033008c2062376b41fc8d38eddb43953e62&mdspid=&spid=699004&netType=0&sid=2201057821&pid=2028597139&timestamp=20251122060033&Channel_ID=0116_2600000900-99000-201600010010027&ProgramID=608807420&ParentNodeID=-99&assertID=2201057821&client_ip=106.13.250.90&SecurityKey=20251122060033&promotionId=&mvid=2201057821&mcid=500020&playurlVersion=WX-A1-8.11.1-RELEASE&userid=&jmhm=&videocodec=h264&bean=mgspad&tid=android&conFee=0&puData=c016799b7c994520795cde44c95e38ea&ddCalcu=ace0e812368e705999cb474ce9d9c4559270, From: subscribe, IPv_Type: ipv6, Location: 中国, ISP: 中国移动, Date: None, Delay: 0.1 ms, Speed: inf M/s, Resolution: 1920x1080
Name: CCTV-1, URL: https://migu.188766.xyz/?migutoken=ec3b1ac9e5deea00bcb769b2185aa27b&id=CCTV1&type=yy, From: subscribe, IPv_Type: ipv6, Location: 美国, ISP: CloudFlare Inc., Date: None, Delay: 0.1 ms, Speed: inf M/s, Resolution: 1920x1080
Name: CCTV-1, URL: http://gslbmgsplive.miguvideo.com/wd_r2/cctv/cctv1hd/1200/index.m3u8?msisdn=202511230600304e678c6f13e341008c9ed8ba5301253f&mdspid=&spid=699004&netType=0&sid=2201057821&pid=2028597139&timestamp=20251123060030&Channel_ID=0116_2600000900-99000-201600010010027&ProgramID=608807420&ParentNodeID=-99&assertID=2201057821&client_ip=106.13.250.89&SecurityKey=20251123060030&promotionId=&mvid=2201057821&mcid=500020&playurlVersion=WX-A1-8.11.1-RELEASE&userid=&jmhm=&videocodec=h264&bean=mgspad&tid=android&conFee=0&puData=c4abf709cb78ee4063adb6935d5377a6&ddCalcu=6ca4e7a27b83f057d0593c9b67b8deae3460, From: subscribe, IPv_Type: ipv6, Location: 中国, ISP: 中国移动, Date: None, Delay: 0.1 ms, Speed: inf M/s, Resolution: 1920x1080
Name: CCTV-1, URL: https://migu.188766.xyz/?migutoken=28d3f20da73f59999fb30688651d35f3&id=CCTV1&type=yy, From: subscribe, IPv_Type: ipv6, Location: 美国, ISP: CloudFlare Inc., Date: None, Delay: 0.1 ms, Speed: inf M/s, Resolution: 1920x1080
Name: CCTV-1, URL: https://iptv.catvod.com/live.php?id=CCTV1, From: subscribe, IPv_Type: ipv6, Location: 美国, ISP: CloudFlare Inc., Date: None, Delay: 0.1 ms, Speed: inf M/s, Resolution: 1920x1080
Name: CCTV-1, URL: http://gslbmgsplive.miguvideo.com/wd_r2/cctv/cctv1hd/1200/index.m3u8?msisdn=20251124060031c21c00acb9d04fd69bc425e07d155194&mdspid=&spid=699004&netType=0&sid=2201057821&pid=2028597139&timestamp=20251124060031&Channel_ID=0116_2600000900-99000-201600010010027&ProgramID=608807420&ParentNodeID=-99&assertID=2201057821&client_ip=106.13.250.90&SecurityKey=20251124060031&promotionId=&mvid=2201057821&mcid=500020&playurlVersion=WX-A1-8.11.1-RELEASE&userid=&jmhm=&videocodec=h264&bean=mgspad&tid=android&conFee=0&puData=09d7ab2f42952717d9af231e50352dac&ddCalcu=c0a9edd22785a03b025fe4123925f2a791d7, From: subscribe, IPv_Type: ipv6, Location: 中国, ISP: 中国移动, Date: None, Delay: 0.1 ms, Speed: inf M/s, Resolution: 1920x1080
Name: CCTV-1, URL: https://migu.188766.xyz/?migutoken=5b9a72ecf1ee2202c771b073210dec2c&id=CCTV1&type=yy, From: subscribe, IPv_Type: ipv6, Location: 美国, ISP: CloudFlare Inc., Date: None, Delay: 0.1 ms, Speed: inf M/s, Resolution: 1920x1080
Name: CCTV-1, URL: https://migu.188766.xyz/?migutoken=872e98a9bf3b60aec27afdfdd7d0eb35&id=CCTV1&type=yy, From: subscribe, IPv_Type: ipv6, Location: 美国, ISP: CloudFlare Inc., Date: None, Delay: 0.1 ms, Speed: inf M/s, Resolution: 1920x1080
Name: CCTV-1, URL: https://iptv.catvod.com/live.php?id=CCTV-1%20%E7%BB%BC%E5%90%88, From: subscribe, IPv_Type: ipv6, Location: 美国, ISP: CloudFlare Inc., Date: None, Delay: 0.1 ms, Speed: inf M/s, Resolution: 1920x1080
Name: CCTV-1, URL: https://migu.188766.xyz/?migutoken=1db85c2596afd1a584f0ac388a05b5f0&id=CCTV1&type=yy, From: subscribe, IPv_Type: ipv6, Location: 美国, ISP: CloudFlare Inc., Date: None, Delay: 0.1 ms, Speed: inf M/s, Resolution: 1920x1080
Name: CCTV-1, URL: https://migu.188766.xyz/?migutoken=7b3c876593549cec112cc139b8bda2ce&id=CCTV1&type=yy, From: subscribe, IPv_Type: ipv6, Location: 美国, ISP: CloudFlare Inc., Date: None, Delay: 0.1 ms, Speed: inf M/s, Resolution: 1920x1080
Name: CCTV-1, URL: https://migu.188766.xyz/?migutoken=8e27f4fe1afb720b407e73c3708d2c27&id=CCTV1&type=yy, From: subscribe, IPv_Type: ipv6, Location: 美国, ISP: CloudFlare Inc., Date: None, Delay: 0.1 ms, Speed: inf M/s, Resolution: 1920x1080
Name: CCTV-1, URL: https://migu.188766.xyz/?migutoken=7205965660bd618f645af50dc38c49ad&id=CCTV1&type=yy, From: subscribe, IPv_Type: ipv6, Location: 美国, ISP: CloudFlare Inc., Date: None, Delay: 0.1 ms, Speed: inf M/s, Resolution: 1920x1080
Name: CCTV-1, URL: https://migu.188766.xyz/?migutoken=7425a7d2ce420f350432dce2a59d6925&id=CCTV1&type=yy, From: subscribe, IPv_Type: ipv6, Location: 美国, ISP: CloudFlare Inc., Date: None, Delay: 0.1 ms, Speed: inf M/s, Resolution: 1920x1080
Name: CCTV-1, URL: https://migu.188766.xyz/?migutoken=d272ec000e664fc5930a8b0daa053fee&id=CCTV1&type=yy, From: subscribe, IPv_Type: ipv6, Location: 美国, ISP: CloudFlare Inc., Date: None, Delay: 0.1 ms, Speed: inf M/s, Resolution: 1920x1080
Name: CCTV-1, URL: https://migu.188766.xyz/?migutoken=d61051efb63615dec3b379f619bd1c03&id=CCTV1&type=yy, From: subscribe, IPv_Type: ipv6, Location: 美国, ISP: CloudFlare Inc., Date: None, Delay: 0.1 ms, Speed: inf M/s, Resolution: 1920x1080
Name: CCTV-1, URL: https://migu.188766.xyz/?migutoken=3cc6fd748b068f267bfc472bf9eb1432&id=CCTV1&type=yy, From: subscribe, IPv_Type: ipv6, Location: 美国, ISP: CloudFlare Inc., Date: None, Delay: 0.1 ms, Speed: inf M/s, Resolution: 1920x1080
Name: CCTV-1, URL: https://migu.188766.xyz/?migutoken=6f894c84440a59d9c6d480b1d46d2b59&id=CCTV1&type=yy, From: subscribe, IPv_Type: ipv6, Location: 美国, ISP: CloudFlare Inc., Date: None, Delay: 0.1 ms, Speed: inf M/s, Resolution: 1920x1080
Name: CCTV-1, URL: https://migu.188766.xyz/?migutoken=8f49903d01ec8cc34b916271be7922f2&id=CCTV1&type=yy, From: subscribe, IPv_Type: ipv6, Location: 美国, ISP: CloudFlare Inc., Date: None, Delay: 0.1 ms, Speed: inf M/s, Resolution: 1920x1080
Name: CCTV-1, URL: https://migu.188766.xyz/?migutoken=e099f316aab75416499e61ef2c1fcce3&id=CCTV1&type=yy, From: subscribe, IPv_Type: ipv6, Location: 美国, ISP: CloudFlare Inc., Date: None, Delay: 0.1 ms, Speed: inf M/s, Resolution: 1920x1080
Name: CCTV-1, URL: https://migu.188766.xyz/?migutoken=30d217538d31cb2315cadd85a3f13137&id=CCTV1&type=yy, From: subscribe, IPv_Type: ipv6, Location: 美国, ISP: CloudFlare Inc., Date: None, Delay: 0.1 ms, Speed: inf M/s, Resolution: 1920x1080
Name: CCTV-1, URL: https://iptv.catvod.com/live.php?id=CCTV-1, From: subscribe, IPv_Type: ipv6, Location: 美国, ISP: CloudFlare Inc., Date: None, Delay: 0.1 ms, Speed: inf M/s, Resolution: 1920x1080
Name: CCTV-1, URL: https://migu.188766.xyz/?migutoken=d6f906e3a9ed246bf5804de18c7558d3&id=CCTV1&type=yy, From: subscribe, IPv_Type: ipv6, Location: 美国, ISP: CloudFlare Inc., Date: None, Delay: 0.1 ms, Speed: inf M/s, Resolution: 1920x1080
Name: CCTV-1, URL: https://migu.188766.xyz/?migutoken=3d4bf8a822d1eb80685e09f05970f5b6&id=CCTV1&type=yy, From: subscribe, IPv_Type: ipv6, Location: 美国, ISP: CloudFlare Inc., Date: None, Delay: 0.1 ms, Speed: inf M/s, Resolution: 1920x1080
Name: CCTV-1, URL: https://migu.188766.xyz/?migutoken=197edc287059e21454acaf0b7ef667bd&id=CCTV1&type=yy, From: subscribe, IPv_Type: ipv6, Location: 美国, ISP: CloudFlare Inc., Date: None, Delay: 0.1 ms, Speed: inf M/s, Resolution: 1920x1080
Name: CCTV-1, URL: https://migu.188766.xyz/?migutoken=dd54c8b6a1821c7f4ca1255160202558&id=CCTV1&type=yy, From: subscribe, IPv_Type: ipv6, Location: 美国, ISP: CloudFlare Inc., Date: None, Delay: 0.1 ms, Speed: inf M/s, Resolution: 1920x1080
Name: CCTV-1, URL: http://gslbmgsplive.miguvideo.com/wd_r2/cctv/cctv1hd/600/index.m3u8?msisdn=20251212080204a3be0ad8402d483aa066c0e21b020d62&mdspid=&spid=699004&netType=0&sid=2201057821&pid=2028597139&timestamp=20251212080204&Channel_ID=0116_2600037000-99000-200300220100002&ProgramID=608807420&ParentNodeID=-99&assertID=2201057821&client_ip=218.28.233.106&SecurityKey=20251212080204&promotionId=&mvid=2201057821&mcid=500020&playurlVersion=ZQ-A1-8.12.1-RELEASE&userid=&jmhm=&videocodec=h264&appCode=miguvideo_android&bean=mgspad&tid=android&conFee=0&puData=27e225af0936f78e5abaf80938167a32&ddCalcu=2237vaea72y62a158a3f900983f6afb7a85e&sv=10004&ct=android, From: subscribe, IPv_Type: ipv6, Location: 中国, ISP: 中国移动, Date: None, Delay: 0.1 ms, Speed: inf M/s, Resolution: 1920x1080
Name: CCTV-1, URL: https://migu.188766.xyz/?migutoken=aad6864c326f4bfd7b16cefd4097c870&id=CCTV1&type=yy, From: subscribe, IPv_Type: ipv6, Location: 美国, ISP: CloudFlare Inc., Date: None, Delay: 0.1 ms, Speed: inf M/s, Resolution: 1920x1080
Name: CCTV-1, URL: https://migu.188766.xyz/?migutoken=2b9e95d9fcde54b8b33d38b1a07054c5&id=CCTV1&type=yy, From: subscribe, IPv_Type: ipv6, Location: 美国, ISP: CloudFlare Inc., Date: None, Delay: 0.1 ms, Speed: inf M/s, Resolution: 1920x1080
Name: CCTV-1, URL: https://migu.188766.xyz/?migutoken=765aaa22f0a43a06a0c6ba3c51ee94c3&id=CCTV1&type=yy, From: subscribe, IPv_Type: ipv6, Location: 美国, ISP: CloudFlare Inc., Date: None, Delay: 0.1 ms, Speed: inf M/s, Resolution: 1920x1080
Name: CCTV-1, URL: https://migu.188766.xyz/?migutoken=cda823af96bf9567d4318840e61f3226&id=CCTV1&type=yy, From: subscribe, IPv_Type: ipv6, Location: 美国, ISP: CloudFlare Inc., Date: None, Delay: 0.1 ms, Speed: inf M/s, Resolution: 1920x1080
Name: CCTV-1, URL: https://migu.188766.xyz/?migutoken=f6f4cbca43639560e15dcee90bf812b3&id=CCTV1&type=yy, From: subscribe, IPv_Type: ipv6, Location: 美国, ISP: CloudFlare Inc., Date: None, Delay: 0.1 ms, Speed: inf M/s, Resolution: 1920x1080
Name: CCTV-1, URL: https://migu.188766.xyz/?migutoken=305fec0678a08572770e9f48ee932d90&id=CCTV1&type=yy, From: subscribe, IPv_Type: ipv6, Location: 美国, ISP: CloudFlare Inc., Date: None, Delay: 0.1 ms, Speed: inf M/s, Resolution: 1920x1080
Name: CCTV-1, URL: https://migu.188766.xyz/?migutoken=f4cb2067a7fa0ef87d9e8eb42d18c5d4&id=CCTV1&type=yy, From: subscribe, IPv_Type: ipv6, Location: 美国, ISP: CloudFlare Inc., Date: None, Delay: 0.1 ms, Speed: inf M/s, Resolution: 1920x1080
Name: CCTV-1, URL: https://migu.188766.xyz/?migutoken=9835b51582dd7ceadbbe6f7786fc81eb&id=CCTV1&type=yy, From: subscribe, IPv_Type: ipv6, Location: 美国, ISP: CloudFlare Inc., Date: None, Delay: 0.1 ms, Speed: inf M/s, Resolution: 1920x1080
Name: CCTV-1, URL: https://migu.188766.xyz/?migutoken=ea00510ce7092447a39c6c1a8a30f447&id=CCTV1&type=yy, From: subscribe, IPv_Type: ipv6, Location: 美国, ISP: CloudFlare Inc., Date: None, Delay: 0.1 ms, Speed: inf M/s, Resolution: 1920x1080
Name: CCTV-1, URL: https://migu.188766.xyz/?migutoken=ac67be4cebbcadaddd21f06222eb5cc4&id=CCTV1&type=yy, From: subscribe, IPv_Type: ipv6, Location: 美国, ISP: CloudFlare Inc., Date: None, Delay: 0.1 ms, Speed: inf M/s, Resolution: 1920x1080
Name: CCTV-1, URL: https://migu.188766.xyz/?migutoken=b26498583045e38cbcac1244f475cb67&id=CCTV1&type=yy, From: subscribe, IPv_Type: ipv6, Location: 美国, ISP: CloudFlare Inc., Date: None, Delay: 0.1 ms, Speed: inf M/s, Resolution: 1920x1080
Name: CCTV-1, URL: https://migu.188766.xyz/?migutoken=684e5d8755dfff091a7fa0f341d03cae&id=CCTV1&type=yy, From: subscribe, IPv_Type: ipv6, Location: 美国, ISP: CloudFlare Inc., Date: None, Delay: 0.1 ms, Speed: inf M/s, Resolution: 1920x1080
Name: CCTV-1, URL: https://migu.188766.xyz/?migutoken=f26f6a915e2c9b60722636e99764e3ac&id=CCTV1&type=yy, From: subscribe, IPv_Type: ipv6, Location: 美国, ISP: CloudFlare Inc., Date: None, Delay: 0.1 ms, Speed: inf M/s, Resolution: 1920x1080
Name: CCTV-1, URL: https://migu.188766.xyz/?migutoken=6ad1cce6b6613cf0459fe057b4e2d913&id=CCTV1&type=yy, From: subscribe, IPv_Type: ipv6, Location: 美国, ISP: CloudFlare Inc., Date: None, Delay: 0.1 ms, Speed: inf M/s, Resolution: 1920x1080
Name: CCTV-1, URL: https://migu.188766.xyz/?migutoken=984914a091dcf1df7ffe92b6f4156353&id=CCTV1&type=yy, From: subscribe, IPv_Type: ipv6, Location: 美国, ISP: CloudFlare Inc., Date: None, Delay: 0.1 ms, Speed: inf M/s, Resolution: 1920x1080
Name: CCTV-1, URL: https://migu.188766.xyz/?migutoken=34fceb5aa88f5d05440eaccf157a7faf&id=CCTV1&type=yy, From: subscribe, IPv_Type: ipv6, Location: 美国, ISP: CloudFlare Inc., Date: None, Delay: 0.1 ms, Speed: inf M/s, Resolution: 1920x1080
Name: CCTV-1, URL: https://migu.188766.xyz/?migutoken=635166baa1d9fb1720891b8c4e01e1bf&id=CCTV1&type=yy, From: subscribe, IPv_Type: ipv6, Location: 美国, ISP: CloudFlare Inc., Date: None, Delay: 0.1 ms, Speed: inf M/s, Resolution: 1920x1080
Name: CCTV-1, URL: https://migu.188766.xyz/?migutoken=12f45bef7af527917f511f5195f230be&id=CCTV1&type=yy, From: subscribe, IPv_Type: ipv6, Location: 美国, ISP: CloudFlare Inc., Date: None, Delay: 0.1 ms, Speed: inf M/s, Resolution: 1920x1080
Name: CCTV-1, URL: https://migu.188766.xyz/?migutoken=d91ac2545a1c12b827c53a304a004659&id=CCTV1&type=yy, From: subscribe, IPv_Type: ipv6, Location: 美国, ISP: CloudFlare Inc., Date: None, Delay: 0.1 ms, Speed: inf M/s, Resolution: 1920x1080
Name: CCTV-1, URL: https://migu.188766.xyz/?migutoken=62434b336e40addc53f42cd2c96c5c9a&id=CCTV1&type=yy, From: subscribe, IPv_Type: ipv6, Location: 美国, ISP: CloudFlare Inc., Date: None, Delay: 0.1 ms, Speed: inf M/s, Resolution: 1920x1080
Name: CCTV-1, URL: https://migu.188766.xyz/?migutoken=107d73cf5ad199b6e6c3cb1e4c7735e7&id=CCTV1&type=yy, From: subscribe, IPv_Type: ipv6, Location: 美国, ISP: CloudFlare Inc., Date: None, Delay: 0.1 ms, Speed: inf M/s, Resolution: 1920x1080
Name: CCTV-1, URL: https://migu.188766.xyz/?migutoken=32c5d39642839d14535f63453a09add4&id=CCTV1&type=yy, From: subscribe, IPv_Type: ipv6, Location: 美国, ISP: CloudFlare Inc., Date: None, Delay: 0.1 ms, Speed: inf M/s, Resolution: 1920x1080
Name: CCTV-1, URL: https://migu.188766.xyz/?migutoken=bbb15753a21cecc2bcd64f1c5d5293bd&id=CCTV1&type=yy, From: subscribe, IPv_Type: ipv6, Location: 美国, ISP: CloudFlare Inc., Date: None, Delay: 0.1 ms, Speed: inf M/s, Resolution: 1920x1080
Name: CCTV-1, URL: https://migu.188766.xyz/?migutoken=f88ac9cd4039e84a018e071e36c16237&id=CCTV1&type=yy, From: subscribe, IPv_Type: ipv6, Location: 美国, ISP: CloudFlare Inc., Date: None, Delay: 0.1 ms, Speed: inf M/s, Resolution: 1920x1080
Name: CCTV-1, URL: https://migu.188766.xyz/?migutoken=27395d930ff24bedeb5bfb675f5051ae&id=CCTV1&type=yy, From: subscribe, IPv_Type: ipv6, Location: 美国, ISP: CloudFlare Inc., Date: None, Delay: 0.1 ms, Speed: inf M/s, Resolution: 1920x1080
Name: CCTV-1, URL: https://migu.188766.xyz/?migutoken=983e9f11d2c4154ddfba88273264e2c2&id=CCTV1&type=yy, From: subscribe, IPv_Type: ipv6, Location: 美国, ISP: CloudFlare Inc., Date: None, Delay: 0.1 ms, Speed: inf M/s, Resolution: 1920x1080
Name: CCTV-1, URL: https://migu.188766.xyz/?migutoken=4371c2719b6bb7ecd2d6902df987d55a&id=CCTV1&type=yy, From: subscribe, IPv_Type: ipv6, Location: 美国, ISP: CloudFlare Inc., Date: None, Delay: -1 ms, Speed: 0.00 M/s, Resolution: None
Name: CCTV-1, URL: https://migu.188766.xyz/?migutoken=6608104cc29a3440bb0acf08be877984&id=CCTV1&type=yy, From: subscribe, IPv_Type: ipv6, Location: 美国, ISP: CloudFlare Inc., Date: None, Delay: -1 ms, Speed: 0.00 M/s, Resolution: None
Name: CCTV-1, URL: https://migu.188766.xyz/?migutoken=380bb918588e69db54983e7d822032cc&id=CCTV1&type=yy, From: subscribe, IPv_Type: ipv6, Location: 美国, ISP: CloudFlare Inc., Date: None, Delay: -1 ms, Speed: 0.00 M/s, Resolution: None
Name: CCTV-1, URL: https://migu.188766.xyz/?migutoken=cbd336b38a0582cfdac44d77a0785e2d&id=CCTV1&type=yy, From: subscribe, IPv_Type: ipv6, Location: 美国, ISP: CloudFlare Inc., Date: None, Delay: -1 ms, Speed: 0.00 M/s, Resolution: None
Name: CCTV-1, URL: https://migu.188766.xyz/?migutoken=33106f7a47c5a7536851c98b3556ad36&id=CCTV1&type=yy, From: subscribe, IPv_Type: ipv6, Location: 美国, ISP: CloudFlare Inc., Date: None, Delay: -1 ms, Speed: 0.00 M/s, Resolution: None
Name: CCTV-1, URL: https://migu.188766.xyz/?migutoken=ccdf3d3b124280cc19793e4ac0ae447e&id=CCTV1&type=yy, From: subscribe, IPv_Type: ipv6, Location: 美国, ISP: CloudFlare Inc., Date: None, Delay: -1 ms, Speed: 0.00 M/s, Resolution: None
Name: CCTV-1, URL: http://38.75.136.137:98/gslb/dsdqca/cctv1hd.m3u8?auth=test20251009, From: subscribe, IPv_Type: ipv4, Location: 美国-伊利诺伊州-库克, ISP: Cogent, Date: None, Delay: 298 ms, Speed: 9.71 M/s, Resolution: 1920x1080
Name: CCTV-2, URL: http://php.jdshipin.com/TVOD/hljyd.php?id=3221225588, From: subscribe, IPv_Type: ipv6, Location: 美国, ISP: CloudFlare Inc., Date: None, Delay: 0.1 ms, Speed: inf M/s, Resolution: 1920x1080
Name: CCTV-2, URL: http://goo.bkpcp.top/mg/CCTV2, From: subscribe, IPv_Type: ipv6, Location: 美国, ISP: CloudFlare Inc., Date: None, Delay: 0.1 ms, Speed: inf M/s, Resolution: 1920x1080
Name: CCTV-2, URL: http://iptv.huuc.edu.cn/hls/cctv2hd.m3u8, From: subscribe, IPv_Type: ipv6, Location: 中国, ISP: 教育网, Date: None, Delay: 0.1 ms, Speed: inf M/s, Resolution: 1920x1080
Name: CCTV-2, URL: https://smart.pendy.dpdns.org/Smart.php?id=cctv2, From: subscribe, IPv_Type: ipv6, Location: 美国, ISP: CloudFlare Inc., Date: None, Delay: 0.1 ms, Speed: inf M/s, Resolution: 1920x1080
Name: CCTV-2, URL: http://[2409:8087:1a01:df::4077]/ottrrs.hl.chinamobile.com/PLTV/88888888/8/3221225588/index.m3u8, From: subscribe, IPv_Type: ipv6, Location: 中国, ISP: 中国移动, Date: None, Delay: 0.1 ms, Speed: inf M/s, Resolution: 1920x1080
Name: CCTV-2, URL: http://[2409:8087:1a01:df::406f]:80/wh7f454c46tw1241164675_1575082505/ottrrs.hl.chinamobile.com/PLTV/88888888/224/3221226540/index.m3u8?icpid=88888888&RTS=1713968070&from=4&hms_devid=692&prioritypopid=4&online=1713968070&vqe=3, From: subscribe, IPv_Type: ipv6, Location: 中国, ISP: 中国移动, Date: None, Delay: 0.1 ms, Speed: inf M/s, Resolution: 1920x1080
Name: CCTV-2, URL: http://[2409:8087:1a01:df::4077]:80/ottrrs.hl.chinamobile.com/PLTV/88888888/8/3221225588/index.m3u8, From: subscribe, IPv_Type: ipv6, Location: 中国, ISP: 中国移动, Date: None, Delay: 0.1 ms, Speed: inf M/s, Resolution: 1920x1080
Name: CCTV-2, URL: http://[2409:8087:8:21::18]:6610/otttv.bj.chinamobile.com/PLTV/88888888/224/3221226230/1.m3u8, From: subscribe, IPv_Type: ipv6, Location: 中国, ISP: 中国移动, Date: None, Delay: 0.1 ms, Speed: inf M/s, Resolution: 1920x1080
Name: CCTV-2, URL: http://[2409:8087:8:21::18]:6610/otttv.bj.chinamobile.com/PLTV/88888888/224/3221226371/1.m3u8, From: subscribe, IPv_Type: ipv6, Location: 中国, ISP: 中国移动, Date: None, Delay: 0.1 ms, Speed: inf M/s, Resolution: 1920x1080
Name: CCTV-2, URL: http://[2409:8087:8:21::18]:6610/otttv.bj.chinamobile.com/PLTV/88888888/224/3221226457/1.m3u8, From: subscribe, IPv_Type: ipv6, Location: 中国, ISP: 中国移动, Date: None, Delay: 0.1 ms, Speed: inf M/s, Resolution: 1920x1080
Name: CCTV-2, URL: http://[2409:8087:8:21::18]:6610/otttv.bj.chinamobile.com/PLTV/88888888/224/3221226472/1.m3u8, From: subscribe, IPv_Type: ipv6, Location: 中国, ISP: 中国移动, Date: None, Delay: 0.1 ms, Speed: inf M/s, Resolution: 1920x1080
Name: CCTV-2, URL: http://[2409:8087:1a0a:df::404b]/ottrrs.hl.chinamobile.com/TVOD/88888888/224/3221225588/index.m3u8, From: subscribe, IPv_Type: ipv6, Location: 中国, ISP: 中国移动, Date: None, Delay: 0.1 ms, Speed: inf M/s, Resolution: 1920x1080
Name: CCTV-2, URL: http://ottrrs.hl.chinamobile.com/TVOD/88888888/224/3221226540/index.m3u8, From: subscribe, IPv_Type: ipv6, Location: 中国, ISP: 中国移动, Date: None, Delay: 0.1 ms, Speed: inf M/s, Resolution: 1920x1080
Name: CCTV-2, URL: http://yc.myds.me:35455/gaoma/cctv2.m3u8, From: subscribe, IPv_Type: ipv6, Location: 中国, ISP: 中国电信, Date: None, Delay: 0.1 ms, Speed: inf M/s, Resolution: 1920x1080
Name: CCTV-2, URL: http://iptv.cdn.ha.chinamobile.com/PLTV/88888888/224/3221227165/index.m3u8, From: subscribe, IPv_Type: ipv6, Location: 中国, ISP: 中国移动, Date: None, Delay: 0.1 ms, Speed: inf M/s, Resolution: 1920x1080
Name: CCTV-2, URL: http://hwrr.jx.chinamobile.com:8080/PLTV/88888888/224/3221225619/index.m3u8, From: subscribe, IPv_Type: ipv6, Location: 中国, ISP: 中国移动, Date: None, Delay: 0.1 ms, Speed: inf M/s, Resolution: 1920x1080
Name: CCTV-2, URL: https://stream1.freetv.fun/ba9e1b54699bd8845523bfe5d450638180bbffdd91cc8d68b76d67d72f896887.m3u8, From: subscribe, IPv_Type: ipv6, Location: 美国, ISP: CloudFlare Inc., Date: None, Delay: 0.1 ms, Speed: inf M/s, Resolution: 1920x1080
Name: CCTV-2, URL: https://stream1.freetv.fun/ada063c76ea9d561f08284d973fd7ef10fabf4ed18f2af169cdddd85a4b51113.m3u8, From: subscribe, IPv_Type: ipv6, Location: 美国, ISP: CloudFlare Inc., Date: None, Delay: 0.1 ms, Speed: inf M/s, Resolution: 1920x1080
Name: CCTV-2, URL: https://stream1.freetv.fun/5b91bacf9e196bd7d369f942cd14828d8466b040dd9f56744c5d5716f974fb90.m3u8, From: subscribe, IPv_Type: ipv6, Location: 美国, ISP: CloudFlare Inc., Date: None, Delay: 0.1 ms, Speed: inf M/s, Resolution: 1920x1080
Name: CCTV-2, URL: https://stream1.freetv.fun/062b52551baba0561e20bdc1f671de7f92ea1e7b432e5ac00ff8934a33e73779.m3u8, From: subscribe, IPv_Type: ipv6, Location: 美国, ISP: CloudFlare Inc., Date: None, Delay: 0.1 ms, Speed: inf M/s, Resolution: 1920x1080
Name: CCTV-2, URL: https://stream1.freetv.fun/8752f27902ce732a38212d0a9174e306b4ade352c88ab65ba1f59d23a0938c2f.m3u8, From: subscribe, IPv_Type: ipv6, Location: 美国, ISP: CloudFlare Inc., Date: None, Delay: 0.1 ms, Speed: inf M/s, Resolution: 1920x1080
Name: CCTV-2, URL: https://stream1.freetv.fun/e1d163d9eb7d373206ad477bb07cc5820cea80edf9bb02289d9eb7d641f9e071.m3u8, From: subscribe, IPv_Type: ipv6, Location: 美国, ISP: CloudFlare Inc., Date: None, Delay: 0.1 ms, Speed: inf M/s, Resolution: 1920x1080
Name: CCTV-2, URL: https://stream1.freetv.fun/68809609406abd57c725f3f7b967a186f14dbd28fb55a5ffffe71d769aa06954.m3u8, From: subscribe, IPv_Type: ipv6, Location: 美国, ISP: CloudFlare Inc., Date: None, Delay: 0.1 ms, Speed: inf M/s, Resolution: 1920x1080
Name: CCTV-2, URL: https://stream1.freetv.fun/13d0211c9d0e6ac956f262af910b0509c7565f9f7f3f5a674a33d40b534a7cc1.m3u8, From: subscribe, IPv_Type: ipv6, Location: 美国, ISP: CloudFlare Inc., Date: None, Delay: 0.1 ms, Speed: inf M/s, Resolution: 1920x1080
Name: CCTV-2, URL: https://stream1.freetv.fun/8a900bfee2c4c2a59e04380dbfec553120369718ab7b0d63f2f5361b99ffc41a.m3u8, From: subscribe, IPv_Type: ipv6, Location: 美国, ISP: CloudFlare Inc., Date: None, Delay: 0.1 ms, Speed: inf M/s, Resolution: 1920x1080
Name: CCTV-2, URL: https://stream1.freetv.fun/168b88ec9bef56433abeed33488f73f6971f2d5667506068ef7c2ebcff851ff2.m3u8, From: subscribe, IPv_Type: ipv6, Location: 美国, ISP: CloudFlare Inc., Date: None, Delay: 0.1 ms, Speed: inf M/s, Resolution: 1920x1080
Name: CCTV-2, URL: https://stream1.freetv.fun/ddc1240d9cafb3571f6af0ae89031e56412c7501e12876ce26bad8ddfe7a2f52.m3u8, From: subscribe, IPv_Type: ipv6, Location: 美国, ISP: CloudFlare Inc., Date: None, Delay: 0.1 ms, Speed: inf M/s, Resolution: 1920x1080
Name: CCTV-2, URL: https://stream1.freetv.fun/04e7a6d2777bc5b2b3b202cdb62f5c799bee9ac7a21b3d5bab08c64006f0433e.m3u8, From: subscribe, IPv_Type: ipv6, Location: 美国, ISP: CloudFlare Inc., Date: None, Delay: 0.1 ms, Speed: inf M/s, Resolution: 1920x1080
Name: CCTV-2, URL: https://stream1.freetv.fun/740facfce5eb3652083f1f23ac2a7aba7a7899446cf8f9a8ba57499f8e725dbd.m3u8, From: subscribe, IPv_Type: ipv6, Location: 美国, ISP: CloudFlare Inc., Date: None, Delay: 0.1 ms, Speed: inf M/s, Resolution: 1920x1080
Name: CCTV-2, URL: https://stream1.freetv.fun/b2e1a9fc03f611173df519b2d54494eab6e2c9feafe182713f96c77e5677982e.m3u8, From: subscribe, IPv_Type: ipv6, Location: 美国, ISP: CloudFlare Inc., Date: None, Delay: 0.1 ms, Speed: inf M/s, Resolution: 1920x1080
Name: CCTV-2, URL: https://stream1.freetv.fun/d6c1a851f2f79d30809b9559aadfaf6c70046913a43b61cda0b653a877209d0e.m3u8, From: subscribe, IPv_Type: ipv6, Location: 美国, ISP: CloudFlare Inc., Date: None, Delay: 0.1 ms, Speed: inf M/s, Resolution: 1920x1080
Name: CCTV-2, URL: https://stream1.freetv.fun/2396be1ac936b1b7a08d5b984d952a31c85f0d8e856b2615b4d8990e14076753.m3u8, From: subscribe, IPv_Type: ipv6, Location: 美国, ISP: CloudFlare Inc., Date: None, Delay: 0.1 ms, Speed: inf M/s, Resolution: 1920x1080
Name: CCTV-2, URL: https://stream1.freetv.fun/c63e00b6f6e11db0e25eba94d5c4c63b4af30261838b8c91652553fb0f8e7b8a.m3u8, From: subscribe, IPv_Type: ipv6, Location: 美国, ISP: CloudFlare Inc., Date: None, Delay: 0.1 ms, Speed: inf M/s, Resolution: 1920x1080
Name: CCTV-2, URL: https://stream1.freetv.fun/0c2d56a09c4103a4bd2a0b1fce3daaafa5402ea91fb9166faa2489ce5c440506.m3u8, From: subscribe, IPv_Type: ipv6, Location: 美国, ISP: CloudFlare Inc., Date: None, Delay: 0.1 ms, Speed: inf M/s, Resolution: 1920x1080
Name: CCTV-2, URL: https://stream1.freetv.fun/c211dc7c7e361326eeb316f377006a6121762f74c3888cffce2ca82411c5d284.m3u8, From: subscribe, IPv_Type: ipv6, Location: 美国, ISP: CloudFlare Inc., Date: None, Delay: 0.1 ms, Speed: inf M/s, Resolution: 1920x1080
Name: CCTV-2, URL: https://stream1.freetv.fun/56b3862915fdf5bcf640fee36fc169e6e6e9ca9a44663406cc3ec70d5f278145.m3u8, From: subscribe, IPv_Type: ipv6, Location: 美国, ISP: CloudFlare Inc., Date: None, Delay: 0.1 ms, Speed: inf M/s, Resolution: 1920x1080
Name: CCTV-2, URL: https://stream1.freetv.fun/e1dc96915d2db9becf6a22f88cfa287e3b2b9a510649ba8c989e7609059fd20b.m3u8, From: subscribe, IPv_Type: ipv6, Location: 美国, ISP: CloudFlare Inc., Date: None, Delay: 0.1 ms, Speed: inf M/s, Resolution: 1920x1080
Name: CCTV-2, URL: https://stream1.freetv.fun/8d9a2d76a0d819bf594bd8698a0ceadca5d3ac2b1b44321ab0cc534ebd1c4cd6.m3u8, From: subscribe, IPv_Type: ipv6, Location: 美国, ISP: CloudFlare Inc., Date: None, Delay: 0.1 ms, Speed: inf M/s, Resolution: 1920x1080
Name: CCTV-2, URL: http://hwrr.jx.chinamobile.com:8080/PLTV/88888888/224/3221225643/index.m3u8, From: subscribe, IPv_Type: ipv6, Location: 中国, ISP: 中国移动, Date: None, Delay: 0.1 ms, Speed: inf M/s, Resolution: 1920x1080
Name: CCTV-2, URL: http://lu.wqwqwq.sbs/itv/1000000001000023315.m3u8?cdn=ystenlive, From: subscribe, IPv_Type: ipv6, Location: 美国, ISP: CloudFlare Inc., Date: None, Delay: 0.1 ms, Speed: inf M/s, Resolution: 1920x1080
Name: CCTV-2, URL: https://www.freetv.top/migu/631780532.m3u8?migutoken=9bacb748dc772b1cfcddf6e6373e3319c6d82105f221862932e3b30a6dc4843c93ace2108ab1d598c2d89ef8eb4225888737ce5895be20612ea7753d025151b9a913bd6fc98ff7666da5979f1d, From: subscribe, IPv_Type: ipv6, Location: 美国-加利福尼亚州-圣克拉拉, ISP: DigitalOcean, Date: None, Delay: 0.1 ms, Speed: inf M/s, Resolution: 1920x1080
Name: CCTV-2, URL: https://www.freetv.top/migu/631780532.m3u8?migutoken=6c76ed4394c8c43f88aac34dab811cbf99f0534dd0deb2fa6a2515925b7e3485de13876836fa6823e42f5c7304cfe44911416d7ad0312b8fbf012adfe4f735fd37abdd31a3b3e6f645512cd090, From: subscribe, IPv_Type: ipv6, Location: 美国-加利福尼亚州-圣克拉拉, ISP: DigitalOcean, Date: None, Delay: 0.1 ms, Speed: inf M/s, Resolution: 1920x1080
Name: CCTV-2, URL: https://www.freetv.top/migu/631780532.m3u8?migutoken=3817ca50a762ff83bc8d334da331289af793521d8bb2de106288e3c7bfbd4f400da7b7a0d45e8e5f3908edbe997bc97435737ae08ccac404064b7de1ad9dd844f73147aa85407e91748754eaff, From: subscribe, IPv_Type: ipv6, Location: 美国-加利福尼亚州-圣克拉拉, ISP: DigitalOcean, Date: None, Delay: 0.1 ms, Speed: inf M/s, Resolution: 1920x1080
Name: CCTV-2, URL: https://www.freetv.top/migu/631780532.m3u8?migutoken=bc1f11ad864868ebb56019151a09f0ade9d629390f012e89ad2c31cb551231423b6a35211bf66f1795cc6720a373c8637c1f0f6cff1e4f7cd112708179659abf6a2f71d1d9a8acc83d311b83ff, From: subscribe, IPv_Type: ipv6, Location: 美国-加利福尼亚州-圣克拉拉, ISP: DigitalOcean, Date: None, Delay: 0.1 ms, Speed: inf M/s, Resolution: 1920x1080
Name: CCTV-2, URL: http://[2409:8087:5e01:34::22]:6610/ZTE_CMS/00000001000000060000000000000372/index.m3u8?IAS, From: subscribe, IPv_Type: ipv6, Location: 中国, ISP: 中国移动, Date: None, Delay: 0.1 ms, Speed: inf M/s, Resolution: 1920x1080
Name: CCTV-2, URL: http://[2409:8087:5e00:24::1f]:6060/ZTE_CMS/00000001000000060000000000000372/index.m3u8, From: subscribe, IPv_Type: ipv6, Location: 中国, ISP: 中国移动, Date: None, Delay: 0.1 ms, Speed: inf M/s, Resolution: 1920x1080
Name: CCTV-2, URL: http://[2409:8087:1a01:df::7005]/ottrrs.hl.chinamobile.com/PLTV/88888888/224/3221226540/index.m3u8, From: subscribe, IPv_Type: ipv6, Location: 中国, ISP: 中国移动, Date: None, Delay: 0.1 ms, Speed: inf M/s, Resolution: 1920x1080
Name: CCTV-2, URL: http://[2409:8087:5e01:34::20]:6610/ZTE_CMS/00000001000000060000000000000372/index.m3u8?IAS, From: subscribe, IPv_Type: ipv6, Location: 中国, ISP: 中国移动, Date: None, Delay: 0.1 ms, Speed: inf M/s, Resolution: 1920x1080
Name: CCTV-2, URL: http://[2409:8087:5e01:34::21]:6610/ZTE_CMS/00000001000000060000000000000372/index.m3u8?IAS, From: subscribe, IPv_Type: ipv6, Location: 中国, ISP: 中国移动, Date: None, Delay: 0.1 ms, Speed: inf M/s, Resolution: 1920x1080
Name: CCTV-2, URL: http://[2409:8087:5e01:34::23]:6610/ZTE_CMS/00000001000000060000000000000372/index.m3u8?IAS, From: subscribe, IPv_Type: ipv6, Location: 中国, ISP: 中国移动, Date: None, Delay: 0.1 ms, Speed: inf M/s, Resolution: 1920x1080
Name: CCTV-2, URL: http://dbiptv.sn.chinamobile.com/PLTV/88888890/224/3221226195/index.m3u8, From: subscribe, IPv_Type: ipv6, Location: 中国, ISP: 中国移动, Date: None, Delay: 0.1 ms, Speed: inf M/s, Resolution: 1920x1080
Name: CCTV-2, URL: https://www.freetv.top/migu/631780532.m3u8?migutoken=fdb912a07262c854e703c2057c3565990c9965f0abff700bdff272d95998605b0a600255d4748f616cf3d45931378e423f91c6f9f41f1cdac26d8383044629e3a176dcd5931b327500edb5dfd3, From: subscribe, IPv_Type: ipv6, Location: 美国-加利福尼亚州-圣克拉拉, ISP: DigitalOcean, Date: None, Delay: 0.1 ms, Speed: inf M/s, Resolution: 1920x1080
Name: CCTV-2, URL: https://www.freetv.top/migu/631780532.m3u8?migutoken=317722ab220ea7aa14f0f18816b423a2ce5181a72d8b1f02e4aba95d7d7707dc123fcbb113b41a2406a823e2a738dbdbfb23c22ccfe936e40e63d389ab3f0f2e4ae3f3ec3e46f3d2f021b3c7b5, From: subscribe, IPv_Type: ipv6, Location: 美国-加利福尼亚州-圣克拉拉, ISP: DigitalOcean, Date: None, Delay: 0.1 ms, Speed: inf M/s, Resolution: 1920x1080
Name: CCTV-2, URL: https://www.freetv.top/migu/631780532.m3u8?migutoken=f1ea6162bf184749e3dee945ef1c611efc841f280c1c972432874810b37debb4321af74f5ebcd6c41d7e0980cae4b591eaddcbd8a4b834c71491dbe3a6abacbbd5bcb2e9a43458f6987dbc3f23, From: subscribe, IPv_Type: ipv6, Location: 美国-加利福尼亚州-圣克拉拉, ISP: DigitalOcean, Date: None, Delay: 0.1 ms, Speed: inf M/s, Resolution: 1920x1080
Name: CCTV-2, URL: https://www.freetv.top/migu/631780532.m3u8?migutoken=0bbd368e56ca239424f7c5ccc970c14b033a2a8ae6ee8749423233b1af2cf31d089694e2a89e22162c6f6ca67d978d52b628c87627d859fd8b0bf99ebbf20a7ec95de4171a037a5e3b65b7c3ce, From: subscribe, IPv_Type: ipv6, Location: 美国-加利福尼亚州-圣克拉拉, ISP: DigitalOcean, Date: None, Delay: 0.1 ms, Speed: inf M/s, Resolution: 1920x1080
Name: CCTV-2, URL: https://www.freetv.top/migu/631780532.m3u8?migutoken=6f589f929945331767ef466f5f4cb6ccee0346b95c4bae5bbd6b99321f160d076257570ccc9b882f37a0bd95f05b1a1b9830393bd269f71445b0e5d01684c40a8cf16759a5bbdf9d5dff243250, From: subscribe, IPv_Type: ipv6, Location: 美国-加利福尼亚州-圣克拉拉, ISP: DigitalOcean, Date: None, Delay: 0.1 ms, Speed: inf M/s, Resolution: 1920x1080
Name: CCTV-2, URL: https://www.freetv.top/migu/631780532.m3u8?migutoken=21b0b254331386fd2e873c577c7a8183378b91f40be551a3c69f5f9162df2a2c63af3d67e9aed59e88a144542b673d3f4a4ca4f2f34225db354a0bf5d26a021b0ce510d7c802082a0f69765c6d, From: subscribe, IPv_Type: ipv6, Location: 美国-加利福尼亚州-圣克拉拉, ISP: DigitalOcean, Date: None, Delay: 0.1 ms, Speed: inf M/s, Resolution: 1920x1080
Name: CCTV-2, URL: https://www.freetv.top/migu/631780532.m3u8?migutoken=238417e78263f85047b232a16f4c1ffb5ffd1b15634ab4b2cd6db01aa23635473bcc819f5117896e8c390c4d26ce6e515c32d787d18f81f6d8434ea92a954703e681dfc6d324346418e49c5d6c, From: subscribe, IPv_Type: ipv6, Location: 美国-加利福尼亚州-圣克拉拉, ISP: DigitalOcean, Date: None, Delay: 0.1 ms, Speed: inf M/s, Resolution: 1920x1080
Name: CCTV-2, URL: https://www.freetv.top/migu/631780532.m3u8?migutoken=8a73f9dbcc6da55c0bb099a7d335fcdb754c606cf8a5e21cb3b84173052074a311761bfb95b1cf7185e4db2b24a0b5d21a4807e6b6bf8c462395f81b3895c1026a645db32431ff0cf541e1991f, From: subscribe, IPv_Type: ipv6, Location: 美国-加利福尼亚州-圣克拉拉, ISP: DigitalOcean, Date: None, Delay: 0.1 ms, Speed: inf M/s, Resolution: 1920x1080
Name: CCTV-2, URL: https://www.freetv.top/migu/631780532.m3u8?migutoken=11ecfe0a296dcd532df72244565e20008b5a2e6936c05e73d9c90abe54b5bbffc942f2912e3fdd518714c4a7ad984beed028d07db3d49b8d1e21c54686ebfa8546f79a57d969866753cca722cc, From: subscribe, IPv_Type: ipv6, Location: 美国-加利福尼亚州-圣克拉拉, ISP: DigitalOcean, Date: None, Delay: 0.1 ms, Speed: inf M/s, Resolution: 1920x1080
Name: CCTV-2, URL: http://www.freetv.top/migu/631780532.m3u8?migutoken=d69d5e5f850768f4609f5e7c6f63984da2c614f71e21226d8dea3a6e40d20f871ca2d383cd042bac96e3e8178933a15192f0ffaef2e700eb95de835faecc0bb802bd0c50099bf3d1abe4ea5174, From: subscribe, IPv_Type: ipv6, Location: 美国-加利福尼亚州-圣克拉拉, ISP: DigitalOcean, Date: None, Delay: 0.1 ms, Speed: inf M/s, Resolution: 1920x1080
Name: CCTV-2, URL: https://epg.pw/stream/f86540c126a751cc707e3805911549bd077fb5a7f0f53a824212d75addea3747.m3u8, From: subscribe, IPv_Type: ipv6, Location: 美国, ISP: CloudFlare Inc., Date: None, Delay: 0.1 ms, Speed: inf M/s, Resolution: 1920x1080
Name: CCTV-2, URL: http://zteres.sn.chinamobile.com:6060/000000001000/5000000011000031101/1.m3u8?channel-id=bestzb&Contentid=5000000011000031101&livemode=1&stbId=3, From: subscribe, IPv_Type: ipv6, Location: 中国, ISP: 中国移动, Date: None, Delay: 0.1 ms, Speed: inf M/s, Resolution: 1920x1080
Name: CCTV-2, URL: http://zteres.sn.chinamobile.com:6060/000000001000/5000000005000031113/1.m3u8?channel-id=bestzb&Contentid=5000000005000031113&livemode=1&stbId=3, From: subscribe, IPv_Type: ipv6, Location: 中国, ISP: 中国移动, Date: None, Delay: 0.1 ms, Speed: inf M/s, Resolution: 1920x1080
Name: CCTV-2, URL: http://[2409:8087:4c0a:22:1::11]:6410/170000001115/UmaiCHAN5000036BESTVSMGSMG/index.m3u8?AuthInfo=9kOOdBn7MFF%2F2bWjKgahUSpr1AVNI633ampcuzdN%2BfGVSARKsxkWGZw7vFUuOj2QZHeRzosIxVbl7i2QHFATHA3k5wDWG1qHkZQAleNv%2FbI, From: subscribe, IPv_Type: ipv6, Location: 中国, ISP: 中国移动, Date: None, Delay: 0.1 ms, Speed: inf M/s, Resolution: 1920x1080
Name: CCTV-2, URL: http://[2409:8087:5e01:34::38]:6610/ZTE_CMS/00000001000000060000000000000372/index.m3u8, From: subscribe, IPv_Type: ipv6, Location: 中国, ISP: 中国移动, Date: None, Delay: 0.1 ms, Speed: inf M/s, Resolution: 1920x1080
Name: CCTV-2, URL: http://[2409:8087:74f0:22::4]:6410/270000001128/9900000502/index.m3u8, From: subscribe, IPv_Type: ipv6, Location: 中国, ISP: 中国移动, Date: None, Delay: 0.1 ms, Speed: inf M/s, Resolution: 1920x1080
Name: CCTV-2, URL: http://[2409:8087:3869:8021:1001::e5]:6610/PLTV/88888910/224/3221225643/index.m3u8, From: subscribe, IPv_Type: ipv6, Location: 中国, ISP: 中国移动, Date: None, Delay: 0.1 ms, Speed: inf M/s, Resolution: 1920x1080
Name: CCTV-2, URL: http://[2409:8087:8:21::18]:6610/otttv.bj.chinamobile.com/PLTV/88888888/224/3221226893/1.m3u8, From: subscribe, IPv_Type: ipv6, Location: 中国, ISP: 中国移动, Date: None, Delay: 0.1 ms, Speed: inf M/s, Resolution: 1920x1080
Name: CCTV-2, URL: http://rrs01.hw.gmcc.net:8088/PLTV/81/224/3221226739/1.m3u8, From: subscribe, IPv_Type: ipv6, Location: 中国, ISP: 中国移动, Date: None, Delay: 0.1 ms, Speed: inf M/s, Resolution: 1920x1080
Name: CCTV-2, URL: http://[2409:8087:1a01:df::4041]:80/TVOD/88888888/224/3221225799/main.m3u8, From: subscribe, IPv_Type: ipv6, Location: 中国, ISP: 中国移动, Date: None, Delay: 0.1 ms, Speed: inf M/s, Resolution: 1920x1080
Name: CCTV-2, URL: http://k.061899.xyz/m.php?id=cctv2, From: subscribe, IPv_Type: ipv6, Location: 新加坡, ISP: Aceville Pte.Ltd., Date: None, Delay: 0.1 ms, Speed: inf M/s, Resolution: 1920x1080
Name: CCTV-2, URL: http://[2409:8087:1a15:10d1::38]/ottrrs.hl.chinamobile.com/PLTV/88888888/224/3221226540/index.m3u8, From: subscribe, IPv_Type: ipv6, Location: 中国, ISP: 中国移动, Date: None, Delay: 0.1 ms, Speed: inf M/s, Resolution: 1920x1080
Name: CCTV-2, URL: http://[2409:8087:1a15:10d1::39]/ottrrs.hl.chinamobile.com/PLTV/88888888/224/3221226540/index.m3u8, From: subscribe, IPv_Type: ipv6, Location: 中国, ISP: 中国移动, Date: None, Delay: 0.1 ms, Speed: inf M/s, Resolution: 1920x1080
Name: CCTV-2, URL: http://[2409:8087:5e00:24::1e]:6060/200000001898/460000089800010050/1.m3u8, From: subscribe, IPv_Type: ipv6, Location: 中国, ISP: 中国移动, Date: None, Delay: 0.1 ms, Speed: inf M/s, Resolution: 1920x1080
Name: CCTV-2, URL: http://[2409:8087:5e08:25::16]:6610/200000001898/460000089800010050/1.m3u8, From: subscribe, IPv_Type: ipv6, Location: 中国, ISP: 中国移动, Date: None, Delay: 0.1 ms, Speed: inf M/s, Resolution: 1920x1080
Name: CCTV-2, URL: https://migu.188766.xyz/?migutoken=f690b72b77d5d60b34b990d7818bbcdc&id=CCTV2&pp=1, From: subscribe, IPv_Type: ipv6, Location: 美国, ISP: CloudFlare Inc., Date: None, Delay: 0.1 ms, Speed: inf M/s, Resolution: 1920x1080
Name: CCTV-2, URL: https://cc06.tv12.xyz/2.m3u8, From: subscribe, IPv_Type: ipv6, Location: 美国, ISP: CloudFlare Inc., Date: None, Delay: 0.1 ms, Speed: inf M/s, Resolution: 1920x1080
Name: CCTV-2, URL: http://gslbmgsplive.miguvideo.com/wd_r2/cctv/cctv2hd/1500/index.m3u8?msisdn=20250919080129845f26c716a2433a937b73ea1a48ee87&mdspid=&spid=699004&netType=0&sid=5500346945&pid=2028597139&timestamp=20250919080129&Channel_ID=0116_2600000900-99000-201600010010027&ProgramID=631780532&ParentNodeID=-99&assertID=5500346945&client_ip=106.13.250.88&SecurityKey=20250919080129&promotionId=&mvid=5101064231&mcid=500020&playurlVersion=WX-A1-8.9.1-RELEASE&userid=&jmhm=&videocodec=h264&bean=mgspad&tid=android&conFee=0&puData=236049217d71b947fc55196c5deb0ad9&ddCalcu=92d3ea61001b40e9d251c76d97115b59c4f7, From: subscribe, IPv_Type: ipv6, Location: 中国, ISP: 中国移动, Date: None, Delay: 0.1 ms, Speed: inf M/s, Resolution: 1920x1080
Name: CCTV-2, URL: https://migu.188766.xyz/?migutoken=b1970203e78088423edf3945cb13b701&id=CCTV2&type=yy, From: subscribe, IPv_Type: ipv6, Location: 美国, ISP: CloudFlare Inc., Date: None, Delay: 0.1 ms, Speed: inf M/s, Resolution: 1920x1080
Name: CCTV-2, URL: https://migu.188766.xyz/?migutoken=e940d45b529181aacc342aabee2326a7&id=CCTV2&type=yy, From: subscribe, IPv_Type: ipv6, Location: 美国, ISP: CloudFlare Inc., Date: None, Delay: 0.1 ms, Speed: inf M/s, Resolution: 1920x1080
Name: CCTV-2, URL: http://gslbmgsplive.miguvideo.com/wd_r2/cctv/cctv2hd/1500/index.m3u8?msisdn=202511140600282bfb13d7ab884cd3876e0a76d4b94a4f&mdspid=&spid=699004&netType=0&sid=5500346945&pid=2028597139&timestamp=20251114060028&Channel_ID=0116_2600000900-99000-201600010010027&ProgramID=631780532&ParentNodeID=-99&assertID=5500346945&client_ip=106.13.250.90&SecurityKey=20251114060028&promotionId=&mvid=5101064231&mcid=500020&playurlVersion=WX-A1-8.10.1-RELEASE&userid=&jmhm=&videocodec=h264&bean=mgspad&tid=android&conFee=0&puData=4bf3b4b3f2b6750838cf9f80c9b8cfaf&ddCalcu=f4abeff1c318b0b49bc30f82fb96f7c58038, From: subscribe, IPv_Type: ipv6, Location: 中国, ISP: 中国移动, Date: None, Delay: 0.1 ms, Speed: inf M/s, Resolution: 1920x1080
Name: CCTV-2, URL: https://iptv.catvod.com/live.php?id=CCTV-2%20%E8%B4%A2%E7%BB%8F, From: subscribe, IPv_Type: ipv6, Location: 美国, ISP: CloudFlare Inc., Date: None, Delay: 0.1 ms, Speed: inf M/s, Resolution: 1920x1080
Name: CCTV-2, URL: http://[2409:8087:8:21::18]:6610/otttv.bj.chinamobile.com/PLTV/88888888/224/3221226893/1.m3u8?, From: subscribe, IPv_Type: ipv6, Location: 中国, ISP: 中国移动, Date: None, Delay: 0.1 ms, Speed: inf M/s, Resolution: 1920x1080
Name: CCTV-2, URL: https://live.chinacert.cftest5.cn/mg/?id=631780532, From: subscribe, IPv_Type: ipv6, Location: 中国, ISP: 中国联通, Date: None, Delay: 0.1 ms, Speed: inf M/s, Resolution: 1920x1080
Name: CCTV-2, URL: https://migu.188766.xyz/?migutoken=4289e81313300ca433233475986913c8&id=CCTV2&type=yy, From: subscribe, IPv_Type: ipv6, Location: 美国, ISP: CloudFlare Inc., Date: None, Delay: 0.1 ms, Speed: inf M/s, Resolution: 1920x1080
Name: CCTV-2, URL: http://gslbmgsplive.miguvideo.com/wd_r2/cctv/cctv2hd/1500/index.m3u8?msisdn=202511150800547b3cc6a04f0f47f7b14fd9f53d939f59&mdspid=&spid=699004&netType=0&sid=5500346945&pid=2028597139&timestamp=20251115080054&Channel_ID=0116_2600000900-99000-201600010010027&ProgramID=631780532&ParentNodeID=-99&assertID=5500346945&client_ip=106.13.250.89&SecurityKey=20251115080054&promotionId=&mvid=5101064231&mcid=500020&playurlVersion=WX-A1-8.10.1-RELEASE&userid=&jmhm=&videocodec=h264&bean=mgspad&tid=android&conFee=0&puData=5fe081085d6353aa5549453f48dd3852&ddCalcu=255fe8e1301d80d18048f53d564395435a5a, From: subscribe, IPv_Type: ipv6, Location: 中国, ISP: 中国移动, Date: None, Delay: 0.1 ms, Speed: inf M/s, Resolution: 1920x1080
Name: CCTV-2, URL: https://migu.188766.xyz/?migutoken=cd89812e5d0525a88b236722037fc488&id=CCTV2&type=yy, From: subscribe, IPv_Type: ipv6, Location: 美国, ISP: CloudFlare Inc., Date: None, Delay: 0.1 ms, Speed: inf M/s, Resolution: 1920x1080
Name: CCTV-2, URL: http://gslbmgsplive.miguvideo.com/wd_r2/cctv/cctv2hd/1500/index.m3u8?msisdn=20251116080054a23c9743931f49b3a273f2cf005c327d&mdspid=&spid=699004&netType=0&sid=5500346945&pid=2028597139&timestamp=20251116080054&Channel_ID=0116_2600000900-99000-201600010010027&ProgramID=631780532&ParentNodeID=-99&assertID=5500346945&client_ip=106.13.250.83&SecurityKey=20251116080054&promotionId=&mvid=5101064231&mcid=500020&playurlVersion=WX-A1-8.10.1-RELEASE&userid=&jmhm=&videocodec=h264&bean=mgspad&tid=android&conFee=0&puData=82b839d747b64956965c6b8862afb786&ddCalcu=6882e7b1b81f30a92d678487bb66c4596596, From: subscribe, IPv_Type: ipv6, Location: 中国, ISP: 中国移动, Date: None, Delay: 0.1 ms, Speed: inf M/s, Resolution: 1920x1080
Name: CCTV-2, URL: https://migu.188766.xyz/?migutoken=03d3391be8cac18bb9631b525d335c89&id=CCTV2&type=yy, From: subscribe, IPv_Type: ipv6, Location: 美国, ISP: CloudFlare Inc., Date: None, Delay: 0.1 ms, Speed: inf M/s, Resolution: 1920x1080
Name: CCTV-2, URL: http://gslbmgsplive.miguvideo.com/wd_r2/cctv/cctv2hd/1500/index.m3u8?msisdn=2025111708005253906abfa75c4b309614388c507b6880&mdspid=&spid=699004&netType=0&sid=5500346945&pid=2028597139&timestamp=20251117080052&Channel_ID=0116_2600000900-99000-201600010010027&ProgramID=631780532&ParentNodeID=-99&assertID=5500346945&client_ip=106.13.250.90&SecurityKey=20251117080052&promotionId=&mvid=5101064231&mcid=500020&playurlVersion=WX-A1-8.10.1-RELEASE&userid=&jmhm=&videocodec=h264&bean=mgspad&tid=android&conFee=0&puData=3fe275023223ef4a214570bc4e9426d6&ddCalcu=63dfe6e122147095e042c3b202735e4f142a, From: subscribe, IPv_Type: ipv6, Location: 中国, ISP: 中国移动, Date: None, Delay: 0.1 ms, Speed: inf M/s, Resolution: 1920x1080
Name: CCTV-2, URL: https://iptv.catvod.com/live.php?id=CCTV2%E8%B4%A2%E7%BB%8F, From: subscribe, IPv_Type: ipv6, Location: 美国, ISP: CloudFlare Inc., Date: None, Delay: 0.1 ms, Speed: inf M/s, Resolution: 1920x1080
Name: CCTV-2, URL: https://migu.188766.xyz/?migutoken=0c8d73bd4b52afca05ba1b05e0a1a625&id=CCTV2&type=yy, From: subscribe, IPv_Type: ipv6, Location: 美国, ISP: CloudFlare Inc., Date: None, Delay: 0.1 ms, Speed: inf M/s, Resolution: 1920x1080
Name: CCTV-2, URL: http://gslbmgsplive.miguvideo.com/wd_r2/cctv/cctv2hd/1500/index.m3u8?msisdn=20251118080045e9397fda884b471c93a502d6df528853&mdspid=&spid=699004&netType=0&sid=5500346945&pid=2028597139&timestamp=20251118080045&Channel_ID=0116_2600000900-99000-201600010010027&ProgramID=631780532&ParentNodeID=-99&assertID=5500346945&client_ip=106.13.250.90&SecurityKey=20251118080045&promotionId=&mvid=5101064231&mcid=500020&playurlVersion=WX-A1-8.10.1-RELEASE&userid=&jmhm=&videocodec=h264&bean=mgspad&tid=android&conFee=0&puData=019e37e459ab455b26496d36380b7f64&ddCalcu=4061ef917e1b30078e346539da6b9445652b, From: subscribe, IPv_Type: ipv6, Location: 中国, ISP: 中国移动, Date: None, Delay: 0.1 ms, Speed: inf M/s, Resolution: 1920x1080
Name: CCTV-2, URL: https://iptv.catvod.com/live.php?id=cctv2, From: subscribe, IPv_Type: ipv6, Location: 美国, ISP: CloudFlare Inc., Date: None, Delay: 0.1 ms, Speed: inf M/s, Resolution: 1920x1080
Name: CCTV-2, URL: https://migu.188766.xyz/?migutoken=ffa95e18bf556f16bdb58841956a7be0&id=CCTV2&type=yy, From: subscribe, IPv_Type: ipv6, Location: 美国, ISP: CloudFlare Inc., Date: None, Delay: 0.1 ms, Speed: inf M/s, Resolution: 1920x1080
Name: CCTV-2, URL: http://gslbmgsplive.miguvideo.com/wd_r2/cctv/cctv2hd/1500/index.m3u8?msisdn=202511181600342c3117d204954db7b7513be932f897e8&mdspid=&spid=699004&netType=0&sid=5500346945&pid=2028597139&timestamp=20251118160034&Channel_ID=0116_2600000900-99000-201600010010027&ProgramID=631780532&ParentNodeID=-99&assertID=5500346945&client_ip=106.13.250.90&SecurityKey=20251118160034&promotionId=&mvid=5101064231&mcid=500020&playurlVersion=WX-A1-8.10.1-RELEASE&userid=&jmhm=&videocodec=h264&bean=mgspad&tid=android&conFee=0&puData=ce076a880a6f046519ff536b6b9daf9e&ddCalcu=ec9eef01a71d609ab868b06a365ff0f49615, From: subscribe, IPv_Type: ipv6, Location: 中国, ISP: 中国移动, Date: None, Delay: 0.1 ms, Speed: inf M/s, Resolution: 1920x1080
Name: CCTV-2, URL: https://migu.188766.xyz/?migutoken=6cb6810793a73f7628e879e5cfa50ba1&id=CCTV2&type=yy, From: subscribe, IPv_Type: ipv6, Location: 美国, ISP: CloudFlare Inc., Date: None, Delay: 0.1 ms, Speed: inf M/s, Resolution: 1920x1080
Name: CCTV-2, URL: http://gslbmgsplive.miguvideo.com/wd_r2/cctv/cctv2hd/1500/index.m3u8?msisdn=202511200800561b48c8f65d754b76aa1715e7020e2813&mdspid=&spid=699004&netType=0&sid=5500346945&pid=2028597139&timestamp=20251120080056&Channel_ID=0116_2600000900-99000-201600010010027&ProgramID=631780532&ParentNodeID=-99&assertID=5500346945&client_ip=106.13.250.90&SecurityKey=20251120080056&promotionId=&mvid=5101064231&mcid=500020&playurlVersion=WX-A1-8.11.1-RELEASE&userid=&jmhm=&videocodec=h264&bean=mgspad&tid=android&conFee=0&puData=abd2bb89d9b25accffddd09dccfff169&ddCalcu=9a6be1d2f21fb0fbc8c9dd990bd2d5dafcfc, From: subscribe, IPv_Type: ipv6, Location: 中国, ISP: 中国移动, Date: None, Delay: 0.1 ms, Speed: inf M/s, Resolution: 1920x1080
Name: CCTV-2, URL: https://migu.188766.xyz/?migutoken=18d9e041c8444cab2d71ee7ee7214d3d&id=CCTV2&type=yy, From: subscribe, IPv_Type: ipv6, Location: 美国, ISP: CloudFlare Inc., Date: None, Delay: 0.1 ms, Speed: inf M/s, Resolution: 1920x1080
Name: CCTV-2, URL: http://gslbmgsplive.miguvideo.com/wd_r2/cctv/cctv2hd/1500/index.m3u8?msisdn=2025112106003400f44914a53644748a3a7995e3db9568&mdspid=&spid=699004&netType=0&sid=5500346945&pid=2028597139&timestamp=20251121060034&Channel_ID=0116_2600000900-99000-201600010010027&ProgramID=631780532&ParentNodeID=-99&assertID=5500346945&client_ip=106.13.250.90&SecurityKey=20251121060034&promotionId=&mvid=5101064231&mcid=500020&playurlVersion=WX-A1-8.11.1-RELEASE&userid=&jmhm=&videocodec=h264&bean=mgspad&tid=android&conFee=0&puData=7483ec5552b73ba8872d5eb45556fac4&ddCalcu=47c4ea82f316e05c555545b2eb57d32b7a88, From: subscribe, IPv_Type: ipv6, Location: 中国, ISP: 中国移动, Date: None, Delay: 0.1 ms, Speed: inf M/s, Resolution: 1920x1080
Name: CCTV-2, URL: https://migu.188766.xyz/?migutoken=75655d5ccaaef804b421055f201a9960&id=CCTV2&type=yy, From: subscribe, IPv_Type: ipv6, Location: 美国, ISP: CloudFlare Inc., Date: None, Delay: 0.1 ms, Speed: inf M/s, Resolution: 1920x1080
Name: CCTV-2, URL: http://gslbmgsplive.miguvideo.com/wd_r2/cctv/cctv2hd/1500/index.m3u8?msisdn=2025112206003367110a42134a4aa3b9622ba49ad7b231&mdspid=&spid=699004&netType=0&sid=5500346945&pid=2028597139&timestamp=20251122060033&Channel_ID=0116_2600000900-99000-201600010010027&ProgramID=631780532&ParentNodeID=-99&assertID=5500346945&client_ip=106.13.250.90&SecurityKey=20251122060033&promotionId=&mvid=5101064231&mcid=500020&playurlVersion=WX-A1-8.11.1-RELEASE&userid=&jmhm=&videocodec=h264&bean=mgspad&tid=android&conFee=0&puData=346402ee33b13d644fe3d1ed14809c5b&ddCalcu=b354ec62941000824e1ed3e31bd133edf644, From: subscribe, IPv_Type: ipv6, Location: 中国, ISP: 中国移动, Date: None, Delay: 0.1 ms, Speed: inf M/s, Resolution: 1920x1080
Name: CCTV-2, URL: https://migu.188766.xyz/?migutoken=f50f6ec5e094e0a090b7e9357d0bd2ad&id=CCTV2&type=yy, From: subscribe, IPv_Type: ipv6, Location: 美国, ISP: CloudFlare Inc., Date: None, Delay: 0.1 ms, Speed: inf M/s, Resolution: 1920x1080
Name: CCTV-2, URL: http://gslbmgsplive.miguvideo.com/wd_r2/cctv/cctv2hd/1500/index.m3u8?msisdn=202511230600310aefdf707e3f43a5976c47af2a1028eb&mdspid=&spid=699004&netType=0&sid=5500346945&pid=2028597139&timestamp=20251123060031&Channel_ID=0116_2600000900-99000-201600010010027&ProgramID=631780532&ParentNodeID=-99&assertID=5500346945&client_ip=106.13.250.89&SecurityKey=20251123060031&promotionId=&mvid=5101064231&mcid=500020&playurlVersion=WX-A1-8.11.1-RELEASE&userid=&jmhm=&videocodec=h264&bean=mgspad&tid=android&conFee=0&puData=72e7938c99a339c9e4f04be923255235&ddCalcu=5732e2e257159023382c99e9ba4303f94ce9, From: subscribe, IPv_Type: ipv6, Location: 中国, ISP: 中国移动, Date: None, Delay: 0.1 ms, Speed: inf M/s, Resolution: 1920x1080
Name: CCTV-2, URL: https://migu.188766.xyz/?migutoken=fac197b729b561a0d71679a4df5e96bf&id=CCTV2&type=yy, From: subscribe, IPv_Type: ipv6, Location: 美国, ISP: CloudFlare Inc., Date: None, Delay: 0.1 ms, Speed: inf M/s, Resolution: 1920x1080
Name: CCTV-2, URL: https://iptv.catvod.com/live.php?id=CCTV2, From: subscribe, IPv_Type: ipv6, Location: 美国, ISP: CloudFlare Inc., Date: None, Delay: 0.1 ms, Speed: inf M/s, Resolution: 1920x1080
Name: CCTV-2, URL: http://gslbmgsplive.miguvideo.com/wd_r2/cctv/cctv2hd/1500/index.m3u8?msisdn=202511240600320b673f56bb0b4731a8d6f786fcab6525&mdspid=&spid=699004&netType=0&sid=5500346945&pid=2028597139&timestamp=20251124060032&Channel_ID=0116_2600000900-99000-201600010010027&ProgramID=631780532&ParentNodeID=-99&assertID=5500346945&client_ip=106.13.250.90&SecurityKey=20251124060032&promotionId=&mvid=5101064231&mcid=500020&playurlVersion=WX-A1-8.11.1-RELEASE&userid=&jmhm=&videocodec=h264&bean=mgspad&tid=android&conFee=0&puData=9e23cb94e99539d69255bbe2ab77278c&ddCalcu=c98ee7222317c07bb9a42ee9b9b553592d96, From: subscribe, IPv_Type: ipv6, Location: 中国, ISP: 中国移动, Date: None, Delay: 0.1 ms, Speed: inf M/s, Resolution: 1920x1080
Name: CCTV-2, URL: https://migu.188766.xyz/?migutoken=7874b405e5783d44cd416e280fa515ce&id=CCTV2&type=yy, From: subscribe, IPv_Type: ipv6, Location: 美国, ISP: CloudFlare Inc., Date: None, Delay: 0.1 ms, Speed: inf M/s, Resolution: 1920x1080
Name: CCTV-2, URL: https://migu.188766.xyz/?migutoken=c483576896a2e38696d18f70e40acc71&id=CCTV2&type=yy, From: subscribe, IPv_Type: ipv6, Location: 美国, ISP: CloudFlare Inc., Date: None, Delay: 0.1 ms, Speed: inf M/s, Resolution: 1920x1080
Name: CCTV-2, URL: https://migu.188766.xyz/?migutoken=986de464a54cce1917358b4565623f66&id=CCTV2&type=yy, From: subscribe, IPv_Type: ipv6, Location: 美国, ISP: CloudFlare Inc., Date: None, Delay: 0.1 ms, Speed: inf M/s, Resolution: 1920x1080
Name: CCTV-2, URL: https://migu.188766.xyz/?migutoken=c955d3529c7000a5a8a34b59fa91a2cb&id=CCTV2&type=yy, From: subscribe, IPv_Type: ipv6, Location: 美国, ISP: CloudFlare Inc., Date: None, Delay: 0.1 ms, Speed: inf M/s, Resolution: 1920x1080
Name: CCTV-2, URL: https://migu.188766.xyz/?migutoken=633c08ea808a69419872a96a885ae4fd&id=CCTV2&type=yy, From: subscribe, IPv_Type: ipv6, Location: 美国, ISP: CloudFlare Inc., Date: None, Delay: 0.1 ms, Speed: inf M/s, Resolution: 1920x1080
Name: CCTV-2, URL: https://migu.188766.xyz/?migutoken=a3acf6327ab43c83402bb2391cd64741&id=CCTV2&type=yy, From: subscribe, IPv_Type: ipv6, Location: 美国, ISP: CloudFlare Inc., Date: None, Delay: 0.1 ms, Speed: inf M/s, Resolution: 1920x1080
Name: CCTV-2, URL: https://migu.188766.xyz/?migutoken=a2018f06a2e194f35657d0884f912c8a&id=CCTV2&type=yy, From: subscribe, IPv_Type: ipv6, Location: 美国, ISP: CloudFlare Inc., Date: None, Delay: 0.1 ms, Speed: inf M/s, Resolution: 1920x1080
Name: CCTV-2, URL: https://migu.188766.xyz/?migutoken=33a18bb7c3b904125af816dcffd9f815&id=CCTV2&type=yy, From: subscribe, IPv_Type: ipv6, Location: 美国, ISP: CloudFlare Inc., Date: None, Delay: 0.1 ms, Speed: inf M/s, Resolution: 1920x1080
Name: CCTV-2, URL: https://migu.188766.xyz/?migutoken=9dec72593e000048d8e540e3eb9c7f74&id=CCTV2&type=yy, From: subscribe, IPv_Type: ipv6, Location: 美国, ISP: CloudFlare Inc., Date: None, Delay: 0.1 ms, Speed: inf M/s, Resolution: 1920x1080
Name: CCTV-2, URL: https://migu.188766.xyz/?migutoken=11a8044b02d0d917b832a60ec0811f9d&id=CCTV2&type=yy, From: subscribe, IPv_Type: ipv6, Location: 美国, ISP: CloudFlare Inc., Date: None, Delay: 0.1 ms, Speed: inf M/s, Resolution: 1920x1080
Name: CCTV-2, URL: https://migu.188766.xyz/?migutoken=a0c067cfa7efa590017796513032253a&id=CCTV2&type=yy, From: subscribe, IPv_Type: ipv6, Location: 美国, ISP: CloudFlare Inc., Date: None, Delay: 0.1 ms, Speed: inf M/s, Resolution: 1920x1080
Name: CCTV-2, URL: https://migu.188766.xyz/?migutoken=4ea885b170ebcff123747da123c65659&id=CCTV2&type=yy, From: subscribe, IPv_Type: ipv6, Location: 美国, ISP: CloudFlare Inc., Date: None, Delay: 0.1 ms, Speed: inf M/s, Resolution: 1920x1080
Name: CCTV-2, URL: https://migu.188766.xyz/?migutoken=b82b211c372c6ac4891604dd7c0d7e34&id=CCTV2&type=yy, From: subscribe, IPv_Type: ipv6, Location: 美国, ISP: CloudFlare Inc., Date: None, Delay: 0.1 ms, Speed: inf M/s, Resolution: 1920x1080
Name: CCTV-2, URL: https://migu.188766.xyz/?migutoken=41d2baadae68f3a82eeb2eae38cb29b1&id=CCTV2&type=yy, From: subscribe, IPv_Type: ipv6, Location: 美国, ISP: CloudFlare Inc., Date: None, Delay: 0.1 ms, Speed: inf M/s, Resolution: 1920x1080
Name: CCTV-2, URL: https://migu.188766.xyz/?migutoken=e6d1071370e57bd5c9d1d93a0dc41207&id=CCTV2&type=yy, From: subscribe, IPv_Type: ipv6, Location: 美国, ISP: CloudFlare Inc., Date: None, Delay: 0.1 ms, Speed: inf M/s, Resolution: 1920x1080
Name: CCTV-2, URL: https://migu.188766.xyz/?migutoken=37c5f74a009a80ecc09a002fff86821f&id=CCTV2&type=yy, From: subscribe, IPv_Type: ipv6, Location: 美国, ISP: CloudFlare Inc., Date: None, Delay: 0.1 ms, Speed: inf M/s, Resolution: 1920x1080
Name: CCTV-2, URL: https://migu.188766.xyz/?migutoken=3efa7ddf6d4a62c5acc6a6f1963822c6&id=CCTV2&type=yy, From: subscribe, IPv_Type: ipv6, Location: 美国, ISP: CloudFlare Inc., Date: None, Delay: 0.1 ms, Speed: inf M/s, Resolution: 1920x1080
Name: CCTV-2, URL: https://migu.188766.xyz/?migutoken=9c91a1a962b36bbfd5f3ae35a32765a3&id=CCTV2&type=yy, From: subscribe, IPv_Type: ipv6, Location: 美国, ISP: CloudFlare Inc., Date: None, Delay: 0.1 ms, Speed: inf M/s, Resolution: 1920x1080
Name: CCTV-2, URL: http://gslbmgsplive.miguvideo.com/wd_r2/cctv/cctv2hd/600/index.m3u8?msisdn=202512120802057b2a45e1a5b845bcad1e6259026bebcc&mdspid=&spid=699004&netType=0&sid=5500346945&pid=2028597139&timestamp=20251212080205&Channel_ID=0116_2600037000-99000-200300220100002&ProgramID=631780532&ParentNodeID=-99&assertID=5500346945&client_ip=218.28.233.106&SecurityKey=20251212080205&promotionId=&mvid=5101064231&mcid=500020&playurlVersion=ZQ-A1-8.12.1-RELEASE&userid=&jmhm=&videocodec=h264&appCode=miguvideo_android&bean=mgspad&tid=android&conFee=0&puData=52a7e3ffd9da11f78e06cf67cb332fd6&ddCalcu=65d2vfaa27z3ea33bfcf7d69fdca6101ef87&sv=10004&ct=android, From: subscribe, IPv_Type: ipv6, Location: 中国, ISP: 中国移动, Date: None, Delay: 0.1 ms, Speed: inf M/s, Resolution: 1920x1080
Name: CCTV-2, URL: https://migu.188766.xyz/?migutoken=5e0e5e761e7e8e4393b2c59980fba0ae&id=CCTV2&type=yy, From: subscribe, IPv_Type: ipv6, Location: 美国, ISP: CloudFlare Inc., Date: None, Delay: 0.1 ms, Speed: inf M/s, Resolution: 1920x1080
Name: CCTV-2, URL: https://iptv.catvod.com/live.php?id=CCTV-2, From: subscribe, IPv_Type: ipv6, Location: 美国, ISP: CloudFlare Inc., Date: None, Delay: 0.1 ms, Speed: inf M/s, Resolution: 1920x1080
Name: CCTV-2, URL: https://migu.188766.xyz/?migutoken=d0c183bcc6b9d7f5850ba45a256dcae8&id=CCTV2&type=yy, From: subscribe, IPv_Type: ipv6, Location: 美国, ISP: CloudFlare Inc., Date: None, Delay: 0.1 ms, Speed: inf M/s, Resolution: 1920x1080
Name: CCTV-2, URL: https://migu.188766.xyz/?migutoken=37e3077d48a5fdee2251347589c1cf63&id=CCTV2&type=yy, From: subscribe, IPv_Type: ipv6, Location: 美国, ISP: CloudFlare Inc., Date: None, Delay: 0.1 ms, Speed: inf M/s, Resolution: 1920x1080
Name: CCTV-2, URL: https://migu.188766.xyz/?migutoken=57dcbbeab6d22aad0668073f23141afd&id=CCTV2&type=yy, From: subscribe, IPv_Type: ipv6, Location: 美国, ISP: CloudFlare Inc., Date: None, Delay: 0.1 ms, Speed: inf M/s, Resolution: 1920x1080
Name: CCTV-2, URL: https://migu.188766.xyz/?migutoken=d812ee770e6067cc6208734ed656d557&id=CCTV2&type=yy, From: subscribe, IPv_Type: ipv6, Location: 美国, ISP: CloudFlare Inc., Date: None, Delay: 0.1 ms, Speed: inf M/s, Resolution: 1920x1080
Name: CCTV-2, URL: https://migu.188766.xyz/?migutoken=41b9ad009a670b37e70592bd4bdb9a5f&id=CCTV2&type=yy, From: subscribe, IPv_Type: ipv6, Location: 美国, ISP: CloudFlare Inc., Date: None, Delay: 0.1 ms, Speed: inf M/s, Resolution: 1920x1080
Name: CCTV-2, URL: https://migu.188766.xyz/?migutoken=8565a6985b62542a73af0cffdf491ff8&id=CCTV2&type=yy, From: subscribe, IPv_Type: ipv6, Location: 美国, ISP: CloudFlare Inc., Date: None, Delay: 0.1 ms, Speed: inf M/s, Resolution: 1920x1080
Name: CCTV-2, URL: https://migu.188766.xyz/?migutoken=10b3a498c8ca314272f431b1e877bff2&id=CCTV2&type=yy, From: subscribe, IPv_Type: ipv6, Location: 美国, ISP: CloudFlare Inc., Date: None, Delay: 0.1 ms, Speed: inf M/s, Resolution: 1920x1080
Name: CCTV-2, URL: https://migu.188766.xyz/?migutoken=599c110e2818f9aca65635c52cd38cb8&id=CCTV2&type=yy, From: subscribe, IPv_Type: ipv6, Location: 美国, ISP: CloudFlare Inc., Date: None, Delay: 0.1 ms, Speed: inf M/s, Resolution: 1920x1080
Name: CCTV-2, URL: https://migu.188766.xyz/?migutoken=2ffce067c267ef64a9e1e4c169a288fb&id=CCTV2&type=yy, From: subscribe, IPv_Type: ipv6, Location: 美国, ISP: CloudFlare Inc., Date: None, Delay: 0.1 ms, Speed: inf M/s, Resolution: 1920x1080
Name: CCTV-2, URL: https://migu.188766.xyz/?migutoken=61f9ad222f6c97c78d74e587604210c6&id=CCTV2&type=yy, From: subscribe, IPv_Type: ipv6, Location: 美国, ISP: CloudFlare Inc., Date: None, Delay: 0.1 ms, Speed: inf M/s, Resolution: 1920x1080
Name: CCTV-2, URL: https://migu.188766.xyz/?migutoken=f1e72730b75b8bb1a740c688d5700175&id=CCTV2&type=yy, From: subscribe, IPv_Type: ipv6, Location: 美国, ISP: CloudFlare Inc., Date: None, Delay: 0.1 ms, Speed: inf M/s, Resolution: 1920x1080
Name: CCTV-2, URL: https://migu.188766.xyz/?migutoken=3138a4ce3cde8f6ae6b78f6d760b6eac&id=CCTV2&type=yy, From: subscribe, IPv_Type: ipv6, Location: 美国, ISP: CloudFlare Inc., Date: None, Delay: 0.1 ms, Speed: inf M/s, Resolution: 1920x1080
Name: CCTV-2, URL: https://migu.188766.xyz/?migutoken=6ca1f944306bdfb4e6bd059e893d6d09&id=CCTV2&type=yy, From: subscribe, IPv_Type: ipv6, Location: 美国, ISP: CloudFlare Inc., Date: None, Delay: 0.1 ms, Speed: inf M/s, Resolution: 1920x1080
Name: CCTV-2, URL: https://migu.188766.xyz/?migutoken=c89d97eb90a082cfaa628671d1d5e45b&id=CCTV2&type=yy, From: subscribe, IPv_Type: ipv6, Location: 美国, ISP: CloudFlare Inc., Date: None, Delay: 0.1 ms, Speed: inf M/s, Resolution: 1920x1080
Name: CCTV-2, URL: https://migu.188766.xyz/?migutoken=21f3dd6041a86a10cc5de10493528a96&id=CCTV2&type=yy, From: subscribe, IPv_Type: ipv6, Location: 美国, ISP: CloudFlare Inc., Date: None, Delay: 0.1 ms, Speed: inf M/s, Resolution: 1920x1080
Name: CCTV-2, URL: https://migu.188766.xyz/?migutoken=c1ab3ac2bdd96afcd24d14b2f81db935&id=CCTV2&type=yy, From: subscribe, IPv_Type: ipv6, Location: 美国, ISP: CloudFlare Inc., Date: None, Delay: 0.1 ms, Speed: inf M/s, Resolution: 1920x1080
Name: CCTV-2, URL: https://migu.188766.xyz/?migutoken=960bb4f4dae6a420b48ae0f0bd61150f&id=CCTV2&type=yy, From: subscribe, IPv_Type: ipv6, Location: 美国, ISP: CloudFlare Inc., Date: None, Delay: 0.1 ms, Speed: inf M/s, Resolution: 1920x1080
Name: CCTV-2, URL: https://migu.188766.xyz/?migutoken=3cd1d079b235a4e0177e453bd590a968&id=CCTV2&type=yy, From: subscribe, IPv_Type: ipv6, Location: 美国, ISP: CloudFlare Inc., Date: None, Delay: 0.1 ms, Speed: inf M/s, Resolution: 1920x1080
Name: CCTV-2, URL: https://migu.188766.xyz/?migutoken=42b8c0593578a212606068f67c378293&id=CCTV2&type=yy, From: subscribe, IPv_Type: ipv6, Location: 美国, ISP: CloudFlare Inc., Date: None, Delay: 0.1 ms, Speed: inf M/s, Resolution: 1920x1080
Name: CCTV-2, URL: https://migu.188766.xyz/?migutoken=34f6b283085baeb3c3c7e8617d846fef&id=CCTV2&type=yy, From: subscribe, IPv_Type: ipv6, Location: 美国, ISP: CloudFlare Inc., Date: None, Delay: 0.1 ms, Speed: inf M/s, Resolution: 1920x1080
Name: CCTV-2, URL: https://migu.188766.xyz/?migutoken=cb07d92d1dcf92a07f71c05669ad62a0&id=CCTV2&type=yy, From: subscribe, IPv_Type: ipv6, Location: 美国, ISP: CloudFlare Inc., Date: None, Delay: 0.1 ms, Speed: inf M/s, Resolution: 1920x1080
Name: CCTV-2, URL: https://migu.188766.xyz/?migutoken=8426a4ee52f4cdb8a1aef252465036cd&id=CCTV2&type=yy, From: subscribe, IPv_Type: ipv6, Location: 美国, ISP: CloudFlare Inc., Date: None, Delay: 0.1 ms, Speed: inf M/s, Resolution: 1920x1080
Name: CCTV-2, URL: https://migu.188766.xyz/?migutoken=c64ca8b6de6fea0e2eb2739b03056b50&id=CCTV2&type=yy, From: subscribe, IPv_Type: ipv6, Location: 美国, ISP: CloudFlare Inc., Date: None, Delay: 0.1 ms, Speed: inf M/s, Resolution: 1920x1080
Name: CCTV-2, URL: https://migu.188766.xyz/?migutoken=9ab44dc0d5048b751593f0c0da41f324&id=CCTV2&type=yy, From: subscribe, IPv_Type: ipv6, Location: 美国, ISP: CloudFlare Inc., Date: None, Delay: 0.1 ms, Speed: inf M/s, Resolution: 1920x1080
Name: CCTV-2, URL: https://migu.188766.xyz/?migutoken=6181b629a913689dad1592e219bf0023&id=CCTV2&type=yy, From: subscribe, IPv_Type: ipv6, Location: 美国, ISP: CloudFlare Inc., Date: None, Delay: 0.1 ms, Speed: inf M/s, Resolution: 1920x1080
Name: CCTV-2, URL: https://migu.188766.xyz/?migutoken=95cada34e80eaff94691ef54938c9eb1&id=CCTV2&type=yy, From: subscribe, IPv_Type: ipv6, Location: 美国, ISP: CloudFlare Inc., Date: None, Delay: -1 ms, Speed: 0.00 M/s, Resolution: None
Name: CCTV-2, URL: https://migu.188766.xyz/?migutoken=bb758a8aaf58edf9913d991ef4277b47&id=CCTV2&type=yy, From: subscribe, IPv_Type: ipv6, Location: 美国, ISP: CloudFlare Inc., Date: None, Delay: -1 ms, Speed: 0.00 M/s, Resolution: None
Name: CCTV-2, URL: https://migu.188766.xyz/?migutoken=e42d95f45b5d155af24df6b1b6bf518a&id=CCTV2&type=yy, From: subscribe, IPv_Type: ipv6, Location: 美国, ISP: CloudFlare Inc., Date: None, Delay: -1 ms, Speed: 0.00 M/s, Resolution: None
Name: CCTV-2, URL: https://migu.188766.xyz/?migutoken=187ee96cabc122357793610749cd0d3b&id=CCTV2&type=yy, From: subscribe, IPv_Type: ipv6, Location: 美国, ISP: CloudFlare Inc., Date: None, Delay: -1 ms, Speed: 0.00 M/s, Resolution: None
Name: CCTV-2, URL: https://migu.188766.xyz/?migutoken=2b443fee863666e73c9c3353ca6027dd&id=CCTV2&type=yy, From: subscribe, IPv_Type: ipv6, Location: 美国, ISP: CloudFlare Inc., Date: None, Delay: -1 ms, Speed: 0.00 M/s, Resolution: None
Name: CCTV-2, URL: https://migu.188766.xyz/?migutoken=b7d7b6347997f6bd94d976ec03579798&id=CCTV2&type=yy, From: subscribe, IPv_Type: ipv6, Location: 美国, ISP: CloudFlare Inc., Date: None, Delay: -1 ms, Speed: 0.00 M/s, Resolution: None
Name: CCTV-2, URL: http://38.75.136.137:98/gslb/dsdqbv/cctv2hd.m3u8?auth=test20251009, From: subscribe, IPv_Type: ipv4, Location: 美国-伊利诺伊州-库克, ISP: Cogent, Date: None, Delay: 759 ms, Speed: 3.35 M/s, Resolution: 1920x1080
Name: CCTV-3, URL: http://php.jdshipin.com/TVOD/hljyd.php?id=3221226021, From: subscribe, IPv_Type: ipv6, Location: 美国, ISP: CloudFlare Inc., Date: None, Delay: 0.1 ms, Speed: inf M/s, Resolution: 1920x1080
Name: CCTV-3, URL: http://iptv.huuc.edu.cn/hls/cctv3hd.m3u8, From: subscribe, IPv_Type: ipv6, Location: 中国, ISP: 教育网, Date: None, Delay: 0.1 ms, Speed: inf M/s, Resolution: 1920x1080
Name: CCTV-3, URL: http://[2409:8087:1a01:df::4041]:80/TVOD/88888888/224/3221225799/main.m3u8, From: subscribe, IPv_Type: ipv6, Location: 中国, ISP: 中国移动, Date: None, Delay: 0.1 ms, Speed: inf M/s, Resolution: 1920x1080
Name: CCTV-3, URL: https://smart.pendy.dpdns.org/Smart.php?id=cctv3, From: subscribe, IPv_Type: ipv6, Location: 美国, ISP: CloudFlare Inc., Date: None, Delay: 0.1 ms, Speed: inf M/s, Resolution: 1920x1080
Name: CCTV-3, URL: http://[2409:8087:1a01:df::4041]/TVOD/88888888/224/3221225799/main.m3u8, From: subscribe, IPv_Type: ipv6, Location: 中国, ISP: 中国移动, Date: None, Delay: 0.1 ms, Speed: inf M/s, Resolution: 1920x1080
Name: CCTV-3, URL: http://[2409:8087:1a01:df::4077]/ottrrs.hl.chinamobile.com/PLTV/88888888/8/3221226021/index.m3u8, From: subscribe, IPv_Type: ipv6, Location: 中国, ISP: 中国移动, Date: None, Delay: 0.1 ms, Speed: inf M/s, Resolution: 1920x1080
Name: CCTV-3, URL: http://[2409:8087:8:21::18]:6610/otttv.bj.chinamobile.com/PLTV/88888888/224/3221226456/1.m3u8, From: subscribe, IPv_Type: ipv6, Location: 中国, ISP: 中国移动, Date: None, Delay: 0.1 ms, Speed: inf M/s, Resolution: 1920x1080
Name: CCTV-3, URL: http://[2409:8087:8:21::18]:6610/otttv.bj.chinamobile.com/PLTV/88888888/224/3221226471/1.m3u8, From: subscribe, IPv_Type: ipv6, Location: 中国, ISP: 中国移动, Date: None, Delay: 0.1 ms, Speed: inf M/s, Resolution: 1920x1080
Name: CCTV-3, URL: http://[2409:8087:4c0a:22:1::11]:6410/170000001115/UmaiCHAN638727c125355/index.m3u8?AuthInfo=9kOOdBn7MFF%2F2bWjKgahUSPTZ4CK5oLfjaEYe9dogNMUNNEYLCPUtKY62j1Wp5u04wipypKUQ1TTuR2lXvBl5YpHqBJmlA19x22TD9bUOjk, From: subscribe, IPv_Type: ipv6, Location: 中国, ISP: 中国移动, Date: None, Delay: 0.1 ms, Speed: inf M/s, Resolution: 1920x1080
Name: CCTV-3, URL: http://[2409:8087:1a0a:df::404b]/ottrrs.hl.chinamobile.com/TVOD/88888888/224/3221226021/index.m3u8, From: subscribe, IPv_Type: ipv6, Location: 中国, ISP: 中国移动, Date: None, Delay: 0.1 ms, Speed: inf M/s, Resolution: 1920x1080
Name: CCTV-3, URL: http://iptv.cdn.ha.chinamobile.com/PLTV/88888888/224/3221227333/index.m3u8, From: subscribe, IPv_Type: ipv6, Location: 中国, ISP: 中国移动, Date: None, Delay: 0.1 ms, Speed: inf M/s, Resolution: 1920x1080
Name: CCTV-3, URL: http://[2409:8087:1a01:df::4077]/ottrrs.hl.chinamobile.com/PLTV/88888888/224/3221226021/index.m3u8, From: subscribe, IPv_Type: ipv6, Location: 中国, ISP: 中国移动, Date: None, Delay: 0.1 ms, Speed: inf M/s, Resolution: 1920x1080
Name: CCTV-3, URL: https://www.freetv.top/migu/624878271.m3u8?migutoken=35ee1318e92e1d47aa4e9ad2f98c1ca771a9ca57db36d1e18c3a4fabedd68b40ee0c4c4724347e54708380241e58d714dde21dcbd0f2eff4373c9d9f7f1508646f22febd08f5c3a8c755f6ef1e, From: subscribe, IPv_Type: ipv6, Location: 美国-加利福尼亚州-圣克拉拉, ISP: DigitalOcean, Date: None, Delay: 0.1 ms, Speed: inf M/s, Resolution: 1920x1080
Name: CCTV-3, URL: https://www.freetv.top/migu/624878271.m3u8?migutoken=380a18fe8dc81109270780918e605114ca218bcfa395aaa8682b605d1622439ffe7981dbd10f378c9c045f872d48dce39babcb012c7362dc8b21835e88fde6457bacaa4082c74879d64ad7aee4, From: subscribe, IPv_Type: ipv6, Location: 美国-加利福尼亚州-圣克拉拉, ISP: DigitalOcean, Date: None, Delay: 0.1 ms, Speed: inf M/s, Resolution: 1920x1080
Name: CCTV-3, URL: https://www.freetv.top/migu/624878271.m3u8?migutoken=ab337350191d49738c0947c4edfb2d72445dadbfd53e36b287a30881028262fffbe9ba284ac062a14452f0d90c7a75d16101edb3adc14999ae8771aabc77b40c78d14137bb14e68fd6cd1a8d67, From: subscribe, IPv_Type: ipv6, Location: 美国-加利福尼亚州-圣克拉拉, ISP: DigitalOcean, Date: None, Delay: 0.1 ms, Speed: inf M/s, Resolution: 1920x1080
Name: CCTV-3, URL: https://www.freetv.top/migu/624878271.m3u8?migutoken=cc5fda32f92c3778b4ec917c6edfddfb427acd161372f4acf6deb16520a123904ce79198d9cf1f7cc96dea7795d561a75b2b3581a0bfcffa303d18f45a217ff78e8dcdaf915667846e1465145a, From: subscribe, IPv_Type: ipv6, Location: 美国-加利福尼亚州-圣克拉拉, ISP: DigitalOcean, Date: None, Delay: 0.1 ms, Speed: inf M/s, Resolution: 1920x1080
Name: CCTV-3, URL: https://www.freetv.top/migu/624878271.m3u8?migutoken=583eb8c5c48e5b14a4f782b43058efc16d128e0d4fa47e5b0814dfe842c8a8951d803a45a71656bc7fff6ba305cfbcd3d55909a119e8d9c1456b3842378e809ded8d3aa6cd633c2eadcab87259, From: subscribe, IPv_Type: ipv6, Location: 美国-加利福尼亚州-圣克拉拉, ISP: DigitalOcean, Date: None, Delay: 0.1 ms, Speed: inf M/s, Resolution: 1920x1080
Name: CCTV-3, URL: https://www.freetv.top/migu/624878271.m3u8?migutoken=ca824f02f6213b64bc94ece82f051a14d6b4b3a0a87493655d302b6c76e29668b57118071931e320faddacacabcb320684e805e3e5b3fdd4465a65f9bc6eac1ff4f24f1c0cde6a2a5cd9a8553a, From: subscribe, IPv_Type: ipv6, Location: 美国-加利福尼亚州-圣克拉拉, ISP: DigitalOcean, Date: None, Delay: 0.1 ms, Speed: inf M/s, Resolution: 1920x1080
Name: CCTV-3, URL: https://www.freetv.top/migu/624878271.m3u8?migutoken=d2f5e7c9e37c0b31c1e675570e64cff15a1f3d4cc205147b55d1c5c9bb6dabbe7f90a086a034b81e426ec6972d34b1a781ff13dc117f082e339a9ed2a182bf981810fdf1dcec27a84fadf629e3, From: subscribe, IPv_Type: ipv6, Location: 美国-加利福尼亚州-圣克拉拉, ISP: DigitalOcean, Date: None, Delay: 0.1 ms, Speed: inf M/s, Resolution: 1920x1080
Name: CCTV-3, URL: https://www.freetv.top/migu/624878271.m3u8?migutoken=e8d38daa280e2049e79abdee2d8546a2afea5b9e9c1a4713b05154116ba5f1133b046c7d4d52fcc0fda414c2208c7aa3a4cf2572926916023730b040718b8a6022093ebfc572f0ea281f1bb0b4, From: subscribe, IPv_Type: ipv6, Location: 美国-加利福尼亚州-圣克拉拉, ISP: DigitalOcean, Date: None, Delay: 0.1 ms, Speed: inf M/s, Resolution: 1920x1080
Name: CCTV-3, URL: http://yc.myds.me:35455/gaoma/cctv3.m3u8, From: subscribe, IPv_Type: ipv6, Location: 中国, ISP: 中国电信, Date: None, Delay: 0.1 ms, Speed: inf M/s, Resolution: 1920x1080
Name: CCTV-3, URL: http://nas.suntao.online:35455/itv/6000000001000022313.m3u8?cdn=wasusyt, From: subscribe, IPv_Type: ipv6, Location: 中国, ISP: 中国联通, Date: None, Delay: 0.1 ms, Speed: inf M/s, Resolution: 1920x1080
Name: CCTV-3, URL: https://www.freetv.top/migu/624878271.m3u8?migutoken=6051cf0f824b7432a7e38cb90b50dbc8d5f9dbc684d357663ae821fb87ae233a45772b235431568e910e14c17b7496429d23d2b4b3501692941d1e6d364b2e35ccf5890eb0c31743c5dffaa2ef, From: subscribe, IPv_Type: ipv6, Location: 美国-加利福尼亚州-圣克拉拉, ISP: DigitalOcean, Date: None, Delay: 0.1 ms, Speed: inf M/s, Resolution: 1920x1080
Name: CCTV-3, URL: https://www.freetv.top/migu/624878271.m3u8?migutoken=26f112920b7d750d5c237dcfeea880c9e4f73d9f9c90ed6628cd1e3b0e4c1424eb700fa97ef3b1a8d3676d047db35285709219d8e971f98e2b095ef2d7c3c343a9df476c13a0daee16c74e7478, From: subscribe, IPv_Type: ipv6, Location: 美国-加利福尼亚州-圣克拉拉, ISP: DigitalOcean, Date: None, Delay: 0.1 ms, Speed: inf M/s, Resolution: 1920x1080
Name: CCTV-3, URL: https://www.freetv.top/migu/624878271.m3u8?migutoken=51e795d34fc334fbfef3a00a9e095b441f8925223bf27482f2ced0a43e8533d469a5ced1cafaef5b17edf9089617ff31ded949f9e74e8844747cb04332f3d81a317734e4e8f189538db2f108a7, From: subscribe, IPv_Type: ipv6, Location: 美国-加利福尼亚州-圣克拉拉, ISP: DigitalOcean, Date: None, Delay: 0.1 ms, Speed: inf M/s, Resolution: 1920x1080
Name: CCTV-3, URL: https://www.freetv.top/migu/624878271.m3u8?migutoken=2d13be95db5e58e97f6fa8da49abb89867168be140fac8df0accbbab11e6fc7f6e78cdef9168ed3f65951dadc9feafdc5ede7bbcc43c0d4c7f9510c146a2309333483f883a0be4b76da20ed280, From: subscribe, IPv_Type: ipv6, Location: 美国-加利福尼亚州-圣克拉拉, ISP: DigitalOcean, Date: None, Delay: 0.1 ms, Speed: inf M/s, Resolution: 1920x1080
Name: CCTV-3, URL: http://www.freetv.top/migu/624878271.m3u8?migutoken=21306af96cf9259457600792df858b0d339bc7203aeb7e1a6ee6ec6ec3832a2736936029fe2583dcf971676870fdf0afbdee5be786e50af2ac6a8825673cc860d7988f44d0c5c4bc1931259698, From: subscribe, IPv_Type: ipv6, Location: 美国-加利福尼亚州-圣克拉拉, ISP: DigitalOcean, Date: None, Delay: 0.1 ms, Speed: inf M/s, Resolution: 1920x1080
Name: CCTV-3, URL: https://stream1.freetv.fun/b670e71aa7496c31573fb6634748c2aa292b1dfa63656d10f2bbdb33b49a23fd.m3u8, From: subscribe, IPv_Type: ipv6, Location: 美国, ISP: CloudFlare Inc., Date: None, Delay: 0.1 ms, Speed: inf M/s, Resolution: 1920x1080
Name: CCTV-3, URL: https://stream1.freetv.fun/8385772f7442dafce3c3efce3348833ba07f9af3b0e65d60fb4c8b0213e52c6c.m3u8, From: subscribe, IPv_Type: ipv6, Location: 美国, ISP: CloudFlare Inc., Date: None, Delay: 0.1 ms, Speed: inf M/s, Resolution: 1920x1080
Name: CCTV-3, URL: https://stream1.freetv.fun/fe140cbb4d3d3c13ac8de02fb84b4c282224e204d87c1f79aa8e7ff2c6870397.m3u8, From: subscribe, IPv_Type: ipv6, Location: 美国, ISP: CloudFlare Inc., Date: None, Delay: 0.1 ms, Speed: inf M/s, Resolution: 1920x1080
Name: CCTV-3, URL: https://stream1.freetv.fun/8e8c6b586c67d965e35c468bd6011876326c1b6a4c9aea7b5d9b0212e57af20c.m3u8, From: subscribe, IPv_Type: ipv6, Location: 美国, ISP: CloudFlare Inc., Date: None, Delay: 0.1 ms, Speed: inf M/s, Resolution: 1920x1080
Name: CCTV-3, URL: https://stream1.freetv.fun/fab80767c7639787d5cc1aaa550702708ce601db5d7ec8a3234c35cc6b8653b5.m3u8, From: subscribe, IPv_Type: ipv6, Location: 美国, ISP: CloudFlare Inc., Date: None, Delay: 0.1 ms, Speed: inf M/s, Resolution: 1920x1080
Name: CCTV-3, URL: https://stream1.freetv.fun/eb74d7931bbd9db14cc302d82d5b9eeb97821b91f8ed4979791d1829de946b11.m3u8, From: subscribe, IPv_Type: ipv6, Location: 美国, ISP: CloudFlare Inc., Date: None, Delay: 0.1 ms, Speed: inf M/s, Resolution: 1920x1080
Name: CCTV-3, URL: https://stream1.freetv.fun/f839eb7b5d1df8d53a6f71a98ee9b1424bdfd2f8110fb566821bf8ac365aebd8.m3u8, From: subscribe, IPv_Type: ipv6, Location: 美国, ISP: CloudFlare Inc., Date: None, Delay: 0.1 ms, Speed: inf M/s, Resolution: 1920x1080
Name: CCTV-3, URL: https://stream1.freetv.fun/16d797c043c92aca9939e30c9e2fb87cc8e12691c3e6850db080848c83fb7555.m3u8, From: subscribe, IPv_Type: ipv6, Location: 美国, ISP: CloudFlare Inc., Date: None, Delay: 0.1 ms, Speed: inf M/s, Resolution: 1920x1080
Name: CCTV-3, URL: https://stream1.freetv.fun/ab692257de15538ddd85b8ad84434857520c9c4c4193ff10bded73c4810e251c.m3u8, From: subscribe, IPv_Type: ipv6, Location: 美国, ISP: CloudFlare Inc., Date: None, Delay: 0.1 ms, Speed: inf M/s, Resolution: 1920x1080
Name: CCTV-3, URL: https://stream1.freetv.fun/402f7ef23bdc0f37b7c76b114d7167bb4228d5b525a0de2140f63127c085c1c7.m3u8, From: subscribe, IPv_Type: ipv6, Location: 美国, ISP: CloudFlare Inc., Date: None, Delay: 0.1 ms, Speed: inf M/s, Resolution: 1920x1080
Name: CCTV-3, URL: https://stream1.freetv.fun/f272e65922b98786560c74338983ab71bed1923b05388589c543c8d0b6e1be3c.m3u8, From: subscribe, IPv_Type: ipv6, Location: 美国, ISP: CloudFlare Inc., Date: None, Delay: 0.1 ms, Speed: inf M/s, Resolution: 1920x1080
Name: CCTV-3, URL: https://stream1.freetv.fun/7220c56655c5aa8fcded420e547fe000e96b057a0c2ceea1a65c355e9d2d2c65.m3u8, From: subscribe, IPv_Type: ipv6, Location: 美国, ISP: CloudFlare Inc., Date: None, Delay: 0.1 ms, Speed: inf M/s, Resolution: 1920x1080
Name: CCTV-3, URL: https://stream1.freetv.fun/82fcd2ea72d396253f82035b5542f2c7db3ae94823171ad4f4da6cbd95175d9a.m3u8, From: subscribe, IPv_Type: ipv6, Location: 美国, ISP: CloudFlare Inc., Date: None, Delay: 0.1 ms, Speed: inf M/s, Resolution: 1920x1080
Name: CCTV-3, URL: https://stream1.freetv.fun/2d9129721d5979db4d1a547476cfed2876edfd57ec4924abb7fa3f1da3a75462.m3u8, From: subscribe, IPv_Type: ipv6, Location: 美国, ISP: CloudFlare Inc., Date: None, Delay: 0.1 ms, Speed: inf M/s, Resolution: 1920x1080
Name: CCTV-3, URL: https://stream1.freetv.fun/b22e79d26f8b854763e01840c45c06d68ac49b016a9004f3717c55e669ece64b.m3u8, From: subscribe, IPv_Type: ipv6, Location: 美国, ISP: CloudFlare Inc., Date: None, Delay: 0.1 ms, Speed: inf M/s, Resolution: 1920x1080
Name: CCTV-3, URL: https://stream1.freetv.fun/1e0e775744a98d3524e67d4b4da0a9bc3c0b9cb9fbdf47fe76a0413a4089b940.m3u8, From: subscribe, IPv_Type: ipv6, Location: 美国, ISP: CloudFlare Inc., Date: None, Delay: 0.1 ms, Speed: inf M/s, Resolution: 1920x1080
Name: CCTV-3, URL: https://stream1.freetv.fun/7a262b749ab7f12e9b967b05e0bd95defc9446e9391ba6ee94407aa388a4f81e.m3u8, From: subscribe, IPv_Type: ipv6, Location: 美国, ISP: CloudFlare Inc., Date: None, Delay: 0.1 ms, Speed: inf M/s, Resolution: 1920x1080
Name: CCTV-3, URL: https://stream1.freetv.fun/44cca69be0608a658ece734b92ece61bd0aea56c9970dc3cf2e2d866df4fa541.m3u8, From: subscribe, IPv_Type: ipv6, Location: 美国, ISP: CloudFlare Inc., Date: None, Delay: 0.1 ms, Speed: inf M/s, Resolution: 1920x1080
Name: CCTV-3, URL: http://hwrr.jx.chinamobile.com:8080/PLTV/88888888/224/3221225634/index.m3u8, From: subscribe, IPv_Type: ipv6, Location: 中国, ISP: 中国移动, Date: None, Delay: 0.1 ms, Speed: inf M/s, Resolution: 1920x1080
Name: CCTV-3, URL: http://hwrr.jx.chinamobile.com:8080/PLTV/88888888/224/3221225647/index.m3u8, From: subscribe, IPv_Type: ipv6, Location: 中国, ISP: 中国移动, Date: None, Delay: 0.1 ms, Speed: inf M/s, Resolution: 1920x1080
Name: CCTV-3, URL: http://lu.wqwqwq.sbs/itv/1000000005000265003.m3u8?cdn=ystenlive, From: subscribe, IPv_Type: ipv6, Location: 美国, ISP: CloudFlare Inc., Date: None, Delay: 0.1 ms, Speed: inf M/s, Resolution: 1920x1080
Name: CCTV-3, URL: http://dbiptv.sn.chinamobile.com/PLTV/88888890/224/3221226397/index.m3u8, From: subscribe, IPv_Type: ipv6, Location: 中国, ISP: 中国移动, Date: None, Delay: 0.1 ms, Speed: inf M/s, Resolution: 1920x1080
Name: CCTV-3, URL: https://stream1.freetv.fun/33711cece64c9077907fa3caea452361f539772402550ca53ae2c9b00a3211b3.m3u8, From: subscribe, IPv_Type: ipv6, Location: 美国, ISP: CloudFlare Inc., Date: None, Delay: 0.1 ms, Speed: inf M/s, Resolution: 1920x1080
Name: CCTV-3, URL: http://zteres.sn.chinamobile.com:6060/000000001000/5000000004000008883/1.m3u8?channel-id=bestzb&Contentid=5000000004000008883&livemode=1&stbId=3, From: subscribe, IPv_Type: ipv6, Location: 中国, ISP: 中国移动, Date: None, Delay: 0.1 ms, Speed: inf M/s, Resolution: 1920x1080
Name: CCTV-3, URL: http://zteres.sn.chinamobile.com:6060/000000001000/5000000002000020548/1.m3u8?channel-id=bestzb&Contentid=5000000002000020548&livemode=1&stbId=3, From: subscribe, IPv_Type: ipv6, Location: 中国, ISP: 中国移动, Date: None, Delay: 0.1 ms, Speed: inf M/s, Resolution: 1920x1080
Name: CCTV-3, URL: http://[2409:8087:2001:20:2800:0:df6e:eb20]/ott.mobaibox.com/PLTV/4/224/3221228499/index.m3u8, From: subscribe, IPv_Type: ipv6, Location: 中国, ISP: 中国移动, Date: None, Delay: 0.1 ms, Speed: inf M/s, Resolution: 1920x1080
Name: CCTV-3, URL: http://[2409:8087:5e00:24::1f]:6060/ZTE_CMS/00000001000000060000000000000382/index.m3u8, From: subscribe, IPv_Type: ipv6, Location: 中国, ISP: 中国移动, Date: None, Delay: 0.1 ms, Speed: inf M/s, Resolution: 1920x1080
Name: CCTV-3, URL: http://[2409:8087:74f0:22::4]:6410/270000001111/1110000303/index.m3u8, From: subscribe, IPv_Type: ipv6, Location: 中国, ISP: 中国移动, Date: None, Delay: 0.1 ms, Speed: inf M/s, Resolution: 1920x1080
Name: CCTV-3, URL: http://[2409:8087:1a01:df::7005]/ottrrs.hl.chinamobile.com/PLTV/88888888/224/3221226021/index.m3u8, From: subscribe, IPv_Type: ipv6, Location: 中国, ISP: 中国移动, Date: None, Delay: 0.1 ms, Speed: inf M/s, Resolution: 1920x1080
Name: CCTV-3, URL: http://[2409:8087:3869:8021:1001::e5]:6610/PLTV/88888910/224/3221225634/index.m3u8, From: subscribe, IPv_Type: ipv6, Location: 中国, ISP: 中国移动, Date: None, Delay: 0.1 ms, Speed: inf M/s, Resolution: 1920x1080
Name: CCTV-3, URL: http://rrs01.hw.gmcc.net:8088/PLTV/81/224/3221226720/1.m3u8, From: subscribe, IPv_Type: ipv6, Location: 中国, ISP: 中国移动, Date: None, Delay: 0.1 ms, Speed: inf M/s, Resolution: 1920x1080
Name: CCTV-3, URL: http://k.061899.xyz/m.php?id=cctv3, From: subscribe, IPv_Type: ipv6, Location: 新加坡, ISP: Aceville Pte.Ltd., Date: None, Delay: 0.1 ms, Speed: inf M/s, Resolution: 1920x1080
Name: CCTV-3, URL: http://[2409:8087:1a15:10d1::36]/ottrrs.hl.chinamobile.com/PLTV/88888888/224/3221226021/index.m3u8, From: subscribe, IPv_Type: ipv6, Location: 中国, ISP: 中国移动, Date: None, Delay: 0.1 ms, Speed: inf M/s, Resolution: 1920x1080
Name: CCTV-3, URL: http://[2409:8087:1a15:10d1::37]/ottrrs.hl.chinamobile.com/PLTV/88888888/224/3221226021/index.m3u8, From: subscribe, IPv_Type: ipv6, Location: 中国, ISP: 中国移动, Date: None, Delay: 0.1 ms, Speed: inf M/s, Resolution: 1920x1080
Name: CCTV-3, URL: http://[2409:8087:5e00:24::1e]:6060/200000001898/460000089800010138/1.m3u8, From: subscribe, IPv_Type: ipv6, Location: 中国, ISP: 中国移动, Date: None, Delay: 0.1 ms, Speed: inf M/s, Resolution: 1920x1080
Name: CCTV-3, URL: http://[2409:8087:5e08:25::16]:6610/200000001898/460000089800010138/1.m3u8, From: subscribe, IPv_Type: ipv6, Location: 中国, ISP: 中国移动, Date: None, Delay: 0.1 ms, Speed: inf M/s, Resolution: 1920x1080
Name: CCTV-3, URL: https://migu.188766.xyz/?migutoken=8d7819d7cf8a8042766c02aac3080b90&id=CCTV3&pp=1, From: subscribe, IPv_Type: ipv6, Location: 美国, ISP: CloudFlare Inc., Date: None, Delay: 0.1 ms, Speed: inf M/s, Resolution: 1920x1080
Name: CCTV-3, URL: https://cc06.tv12.xyz/3.m3u8, From: subscribe, IPv_Type: ipv6, Location: 美国, ISP: CloudFlare Inc., Date: None, Delay: 0.1 ms, Speed: inf M/s, Resolution: 1920x1080
Name: CCTV-3, URL: http://gslbmgsplive.miguvideo.com/wd_r2/2018/ocn/cctv3hd/2000/index.m3u8?msisdn=20250919080130f546de490ceb448b991eb6bb092b74f9&mdspid=&spid=699004&netType=0&sid=5500212864&pid=2028597139&timestamp=20250919080130&Channel_ID=0116_2600000900-99000-201600010010027&ProgramID=624878271&ParentNodeID=-99&assertID=5500212864&client_ip=106.13.250.88&SecurityKey=20250919080130&promotionId=&mvid=5100001683&mcid=500020&playurlVersion=WX-A1-8.9.1-RELEASE&userid=&jmhm=&videocodec=h264&bean=mgspad&tid=android&conFee=0&puData=e0a93d23c2330bcf40f7aacba27b9449&ddCalcu=9e40e4a1994b307d22a3bcc2a3a370fb0c4f, From: subscribe, IPv_Type: ipv6, Location: 中国, ISP: 中国移动, Date: None, Delay: 0.1 ms, Speed: inf M/s, Resolution: 1920x1080
Name: CCTV-3, URL: http://zjzcf.synology.me:35455/gaoma/cctv3.m3u8, From: subscribe, IPv_Type: ipv6, Location: 中国, ISP: 中国移动, Date: None, Delay: 0.1 ms, Speed: inf M/s, Resolution: 1920x1080
Name: CCTV-3, URL: https://migu.188766.xyz/?migutoken=456ea32c72c910143e25c15620a86a45&id=CCTV3&type=yy, From: subscribe, IPv_Type: ipv6, Location: 美国, ISP: CloudFlare Inc., Date: None, Delay: 0.1 ms, Speed: inf M/s, Resolution: 1920x1080
Name: CCTV-3, URL: https://migu.188766.xyz/?migutoken=9c759431f6455e0f0d30d51ff750574c&id=CCTV3&type=yy, From: subscribe, IPv_Type: ipv6, Location: 美国, ISP: CloudFlare Inc., Date: None, Delay: 0.1 ms, Speed: inf M/s, Resolution: 1920x1080
Name: CCTV-3, URL: http://gslbmgsplive.miguvideo.com/wd_r2/2018/ocn/cctv3hd/2000/index.m3u8?msisdn=202511140600286cb51aaa45204b8aa2600778f2cedbf1&mdspid=&spid=699004&netType=0&sid=5500212864&pid=2028597139&timestamp=20251114060028&Channel_ID=0116_2600000900-99000-201600010010027&ProgramID=624878271&ParentNodeID=-99&assertID=5500212864&client_ip=106.13.250.90&SecurityKey=20251114060028&promotionId=&mvid=5100001683&mcid=500020&playurlVersion=WX-A1-8.10.1-RELEASE&userid=&jmhm=&videocodec=h264&bean=mgspad&tid=android&conFee=0&puData=b519cc3f43cfbf085c811ad03cad93f2&ddCalcu=2bf5e311994dc0acc33f04d3ac1f1b8fc058, From: subscribe, IPv_Type: ipv6, Location: 中国, ISP: 中国移动, Date: None, Delay: 0.1 ms, Speed: inf M/s, Resolution: 1920x1080
Name: CCTV-3, URL: http://[2409:8087:8:21::18]:6610/otttv.bj.chinamobile.com/PLTV/88888888/224/3221226471/1.m3u8?, From: subscribe, IPv_Type: ipv6, Location: 中国, ISP: 中国移动, Date: None, Delay: 0.1 ms, Speed: inf M/s, Resolution: 1920x1080
Name: CCTV-3, URL: https://live.chinacert.cftest5.cn/mg/?id=624878271, From: subscribe, IPv_Type: ipv6, Location: 中国, ISP: 中国联通, Date: None, Delay: 0.1 ms, Speed: inf M/s, Resolution: 1920x1080
Name: CCTV-3, URL: https://migu.188766.xyz/?migutoken=4884826570b84fe77ca30cad1ad65f39&id=CCTV3&type=yy, From: subscribe, IPv_Type: ipv6, Location: 美国, ISP: CloudFlare Inc., Date: None, Delay: 0.1 ms, Speed: inf M/s, Resolution: 1920x1080
Name: CCTV-3, URL: http://gslbmgsplive.miguvideo.com/wd_r2/2018/ocn/cctv3hd/2000/index.m3u8?msisdn=20251115080054bd5d4f92f2144929a0454092db475d6c&mdspid=&spid=699004&netType=0&sid=5500212864&pid=2028597139&timestamp=20251115080054&Channel_ID=0116_2600000900-99000-201600010010027&ProgramID=624878271&ParentNodeID=-99&assertID=5500212864&client_ip=106.13.250.89&SecurityKey=20251115080054&promotionId=&mvid=5100001683&mcid=500020&playurlVersion=WX-A1-8.10.1-RELEASE&userid=&jmhm=&videocodec=h264&bean=mgspad&tid=android&conFee=0&puData=a416901f320b5dfbf057c4d1c2c9ce5a&ddCalcu=aa54ee11c64990c021cf13d240cb755d0ffb, From: subscribe, IPv_Type: ipv6, Location: 中国, ISP: 中国移动, Date: None, Delay: 0.1 ms, Speed: inf M/s, Resolution: 1920x1080
Name: CCTV-3, URL: https://migu.188766.xyz/?migutoken=d562c06706f7219fed183cddb467ac61&id=CCTV3&type=yy, From: subscribe, IPv_Type: ipv6, Location: 美国, ISP: CloudFlare Inc., Date: None, Delay: 0.1 ms, Speed: inf M/s, Resolution: 1920x1080
Name: CCTV-3, URL: http://gslbmgsplive.miguvideo.com/wd_r2/2018/ocn/cctv3hd/2000/index.m3u8?msisdn=202511160800543e58c8fbb8d9489b9a8100f04a2e61f6&mdspid=&spid=699004&netType=0&sid=5500212864&pid=2028597139&timestamp=20251116080054&Channel_ID=0116_2600000900-99000-201600010010027&ProgramID=624878271&ParentNodeID=-99&assertID=5500212864&client_ip=106.13.250.83&SecurityKey=20251116080054&promotionId=&mvid=5100001683&mcid=500020&playurlVersion=WX-A1-8.10.1-RELEASE&userid=&jmhm=&videocodec=h264&bean=mgspad&tid=android&conFee=0&puData=19a9bb5a3f2761c43c43c587c99bab8e&ddCalcu=e189eba1a94bb09b95ca738f52c73641cc34, From: subscribe, IPv_Type: ipv6, Location: 中国, ISP: 中国移动, Date: None, Delay: 0.1 ms, Speed: inf M/s, Resolution: 1920x1080
Name: CCTV-3, URL: https://migu.188766.xyz/?migutoken=858d330b64293826ceae8b56faf2fe30&id=CCTV3&type=yy, From: subscribe, IPv_Type: ipv6, Location: 美国, ISP: CloudFlare Inc., Date: None, Delay: 0.1 ms, Speed: inf M/s, Resolution: 1920x1080
Name: CCTV-3, URL: http://gslbmgsplive.miguvideo.com/wd_r2/2018/ocn/cctv3hd/2000/index.m3u8?msisdn=202511170800525ef40184069945a4a9d9cf660fe86b75&mdspid=&spid=699004&netType=0&sid=5500212864&pid=2028597139&timestamp=20251117080052&Channel_ID=0116_2600000900-99000-201600010010027&ProgramID=624878271&ParentNodeID=-99&assertID=5500212864&client_ip=106.13.250.90&SecurityKey=20251117080052&promotionId=&mvid=5100001683&mcid=500020&playurlVersion=WX-A1-8.10.1-RELEASE&userid=&jmhm=&videocodec=h264&bean=mgspad&tid=android&conFee=0&puData=155c7539f2c868387cefcba0e2967b61&ddCalcu=1165eb517c46709523e90fa2bcc8f6e8c378, From: subscribe, IPv_Type: ipv6, Location: 中国, ISP: 中国移动, Date: None, Delay: 0.1 ms, Speed: inf M/s, Resolution: 1920x1080
Name: CCTV-3, URL: https://migu.188766.xyz/?migutoken=5f3844d97455a4f01b3f7791bb7d51cc&id=CCTV3&type=yy, From: subscribe, IPv_Type: ipv6, Location: 美国, ISP: CloudFlare Inc., Date: None, Delay: 0.1 ms, Speed: inf M/s, Resolution: 1920x1080
Name: CCTV-3, URL: http://gslbmgsplive.miguvideo.com/wd_r2/2018/ocn/cctv3hd/2000/index.m3u8?msisdn=202511180800454fc4c5792f51467f8b595a86a42323bc&mdspid=&spid=699004&netType=0&sid=5500212864&pid=2028597139&timestamp=20251118080045&Channel_ID=0116_2600000900-99000-201600010010027&ProgramID=624878271&ParentNodeID=-99&assertID=5500212864&client_ip=106.13.250.90&SecurityKey=20251118080045&promotionId=&mvid=5100001683&mcid=500020&playurlVersion=WX-A1-8.10.1-RELEASE&userid=&jmhm=&videocodec=h264&bean=mgspad&tid=android&conFee=0&puData=ac528208758d37f8d19df4827705c742&ddCalcu=2a4ce751c24580027078278548fdd3971fd8, From: subscribe, IPv_Type: ipv6, Location: 中国, ISP: 中国移动, Date: None, Delay: 0.1 ms, Speed: inf M/s, Resolution: 1920x1080
Name: CCTV-3, URL: https://iptv.catvod.com/live.php?id=cctv3, From: subscribe, IPv_Type: ipv6, Location: 美国, ISP: CloudFlare Inc., Date: None, Delay: 0.1 ms, Speed: inf M/s, Resolution: 1920x1080
Name: CCTV-3, URL: https://migu.188766.xyz/?migutoken=fd09f16473044459ffdb2e18c283d900&id=CCTV3&type=yy, From: subscribe, IPv_Type: ipv6, Location: 美国, ISP: CloudFlare Inc., Date: None, Delay: 0.1 ms, Speed: inf M/s, Resolution: 1920x1080
Name: CCTV-3, URL: http://gslbmgsplive.miguvideo.com/wd_r2/2018/ocn/cctv3hd/2000/index.m3u8?msisdn=20251118160034282444b6e2594a979284c8c3d21c0226&mdspid=&spid=699004&netType=0&sid=5500212864&pid=2028597139&timestamp=20251118160034&Channel_ID=0116_2600000900-99000-201600010010027&ProgramID=624878271&ParentNodeID=-99&assertID=5500212864&client_ip=106.13.250.90&SecurityKey=20251118160034&promotionId=&mvid=5100001683&mcid=500020&playurlVersion=WX-A1-8.10.1-RELEASE&userid=&jmhm=&videocodec=h264&bean=mgspad&tid=android&conFee=0&puData=89c7c3df70d2f473d2ed2b24adeb5a74&ddCalcu=4879eac1574bc0e3ddaf4720bd22dfe427d3, From: subscribe, IPv_Type: ipv6, Location: 中国, ISP: 中国移动, Date: None, Delay: 0.1 ms, Speed: inf M/s, Resolution: 1920x1080
Name: CCTV-3, URL: https://migu.188766.xyz/?migutoken=8c1ed28a127162f28f12ede8566f929b&id=CCTV3&type=yy, From: subscribe, IPv_Type: ipv6, Location: 美国, ISP: CloudFlare Inc., Date: None, Delay: 0.1 ms, Speed: inf M/s, Resolution: 1920x1080
Name: CCTV-3, URL: http://gslbmgsplive.miguvideo.com/wd_r2/2018/ocn/cctv3hd/2000/index.m3u8?msisdn=202511200800566c9490c1ed4543ddbd521cc078666765&mdspid=&spid=699004&netType=0&sid=5500212864&pid=2028597139&timestamp=20251120080056&Channel_ID=0116_2600000900-99000-201600010010027&ProgramID=624878271&ParentNodeID=-99&assertID=5500212864&client_ip=106.13.250.90&SecurityKey=20251120080056&promotionId=&mvid=5100001683&mcid=500020&playurlVersion=WX-A1-8.11.1-RELEASE&userid=&jmhm=&videocodec=h264&bean=mgspad&tid=android&conFee=0&puData=b308c7c4cca0ab509b6197fee48e7c7f&ddCalcu=fb73ec02784ec0874ce4ecfc7a901a6bb590, From: subscribe, IPv_Type: ipv6, Location: 中国, ISP: 中国移动, Date: None, Delay: 0.1 ms, Speed: inf M/s, Resolution: 1920x1080
Name: CCTV-3, URL: https://migu.188766.xyz/?migutoken=5f68e795568318106bc353f28a62d050&id=CCTV3&type=yy, From: subscribe, IPv_Type: ipv6, Location: 美国, ISP: CloudFlare Inc., Date: None, Delay: 0.1 ms, Speed: inf M/s, Resolution: 1920x1080
Name: CCTV-3, URL: http://gslbmgsplive.miguvideo.com/wd_r2/2018/ocn/cctv3hd/2000/index.m3u8?msisdn=202511210600342929eabcacbd451e957f2af07629f1e2&mdspid=&spid=699004&netType=0&sid=5500212864&pid=2028597139&timestamp=20251121060034&Channel_ID=0116_2600000900-99000-201600010010027&ProgramID=624878271&ParentNodeID=-99&assertID=5500212864&client_ip=106.13.250.90&SecurityKey=20251121060034&promotionId=&mvid=5100001683&mcid=500020&playurlVersion=WX-A1-8.11.1-RELEASE&userid=&jmhm=&videocodec=h264&bean=mgspad&tid=android&conFee=0&puData=95a72b3732d4e19ec19471429d7a07b6&ddCalcu=69b5e7a2074a207bd39723421d744e9119ce, From: subscribe, IPv_Type: ipv6, Location: 中国, ISP: 中国移动, Date: None, Delay: 0.1 ms, Speed: inf M/s, Resolution: 1920x1080
Name: CCTV-3, URL: https://migu.188766.xyz/?migutoken=ebc37d2c1ea9b9e442b164a400d6c543&id=CCTV3&type=yy, From: subscribe, IPv_Type: ipv6, Location: 美国, ISP: CloudFlare Inc., Date: None, Delay: 0.1 ms, Speed: inf M/s, Resolution: 1920x1080
Name: CCTV-3, URL: http://gslbmgsplive.miguvideo.com/wd_r2/2018/ocn/cctv3hd/2000/index.m3u8?msisdn=20251122060033f405a0a6e6ee4f36bf0ebff19a26aa5a&mdspid=&spid=699004&netType=0&sid=5500212864&pid=2028597139&timestamp=20251122060033&Channel_ID=0116_2600000900-99000-201600010010027&ProgramID=624878271&ParentNodeID=-99&assertID=5500212864&client_ip=106.13.250.90&SecurityKey=20251122060033&promotionId=&mvid=5100001683&mcid=500020&playurlVersion=WX-A1-8.11.1-RELEASE&userid=&jmhm=&videocodec=h264&bean=mgspad&tid=android&conFee=0&puData=a255587166fc13ac2076f6baf64d454a&ddCalcu=aa42e552454d504867f1a6b66ffc61730a2c, From: subscribe, IPv_Type: ipv6, Location: 中国, ISP: 中国移动, Date: None, Delay: 0.1 ms, Speed: inf M/s, Resolution: 1920x1080
Name: CCTV-3, URL: https://migu.188766.xyz/?migutoken=57b8c4e035511bf03b531c125c78750e&id=CCTV3&type=yy, From: subscribe, IPv_Type: ipv6, Location: 美国, ISP: CloudFlare Inc., Date: None, Delay: 0.1 ms, Speed: inf M/s, Resolution: 1920x1080
Name: CCTV-3, URL: http://gslbmgsplive.miguvideo.com/wd_r2/2018/ocn/cctv3hd/2000/index.m3u8?msisdn=20251123060031af4e93000a74432cbf474a633b2d8ffb&mdspid=&spid=699004&netType=0&sid=5500212864&pid=2028597139&timestamp=20251123060031&Channel_ID=0116_2600000900-99000-201600010010027&ProgramID=624878271&ParentNodeID=-99&assertID=5500212864&client_ip=106.13.250.89&SecurityKey=20251123060031&promotionId=&mvid=5100001683&mcid=500020&playurlVersion=WX-A1-8.11.1-RELEASE&userid=&jmhm=&videocodec=h264&bean=mgspad&tid=android&conFee=0&puData=08c59c7455729407bc3eafc415ea9793&ddCalcu=3098e7c2954a90ec571445c5f7a2e934c0b7, From: subscribe, IPv_Type: ipv6, Location: 中国, ISP: 中国移动, Date: None, Delay: 0.1 ms, Speed: inf M/s, Resolution: 1920x1080
Name: CCTV-3, URL: https://migu.188766.xyz/?migutoken=958d443c6a8eb619c6520d53058e6ad6&id=CCTV3&type=yy, From: subscribe, IPv_Type: ipv6, Location: 美国, ISP: CloudFlare Inc., Date: None, Delay: 0.1 ms, Speed: inf M/s, Resolution: 1920x1080
Name: CCTV-3, URL: https://iptv.catvod.com/live.php?id=CCTV3, From: subscribe, IPv_Type: ipv6, Location: 美国, ISP: CloudFlare Inc., Date: None, Delay: 0.1 ms, Speed: inf M/s, Resolution: 1920x1080
Name: CCTV-3, URL: http://gslbmgsplive.miguvideo.com/wd_r2/2018/ocn/cctv3hd/2000/index.m3u8?msisdn=20251124060032165c965e99de42db98c753f8e793e87b&mdspid=&spid=699004&netType=0&sid=5500212864&pid=2028597139&timestamp=20251124060032&Channel_ID=0116_2600000900-99000-201600010010027&ProgramID=624878271&ParentNodeID=-99&assertID=5500212864&client_ip=106.13.250.90&SecurityKey=20251124060032&promotionId=&mvid=5100001683&mcid=500020&playurlVersion=WX-A1-8.11.1-RELEASE&userid=&jmhm=&videocodec=h264&bean=mgspad&tid=android&conFee=0&puData=b0d82e9b035960aead79552e0a0d6797&ddCalcu=7b90e7d2684d200ea90be02355599670daae, From: subscribe, IPv_Type: ipv6, Location: 中国, ISP: 中国移动, Date: None, Delay: 0.1 ms, Speed: inf M/s, Resolution: 1920x1080
Name: CCTV-3, URL: https://migu.188766.xyz/?migutoken=7c943d80d7f4d3e74fdac8e0bce782fa&id=CCTV3&type=yy, From: subscribe, IPv_Type: ipv6, Location: 美国, ISP: CloudFlare Inc., Date: None, Delay: 0.1 ms, Speed: inf M/s, Resolution: 1920x1080
Name: CCTV-3, URL: https://iptv.catvod.com/live.php?id=CCTV-3%20%E7%BB%BC%E8%89%BA, From: subscribe, IPv_Type: ipv6, Location: 美国, ISP: CloudFlare Inc., Date: None, Delay: 0.1 ms, Speed: inf M/s, Resolution: 1920x1080
Name: CCTV-3, URL: https://migu.188766.xyz/?migutoken=7becaeef3227b54a2d769e1c0d74f63e&id=CCTV3&type=yy, From: subscribe, IPv_Type: ipv6, Location: 美国, ISP: CloudFlare Inc., Date: None, Delay: 0.1 ms, Speed: inf M/s, Resolution: 1920x1080
Name: CCTV-3, URL: https://migu.188766.xyz/?migutoken=ba7415c30e08d450e9c4349c53d25d27&id=CCTV3&type=yy, From: subscribe, IPv_Type: ipv6, Location: 美国, ISP: CloudFlare Inc., Date: None, Delay: 0.1 ms, Speed: inf M/s, Resolution: 1920x1080
Name: CCTV-3, URL: https://migu.188766.xyz/?migutoken=506a9e4f72ae3c3945e0b1dc4e7b4b90&id=CCTV3&type=yy, From: subscribe, IPv_Type: ipv6, Location: 美国, ISP: CloudFlare Inc., Date: None, Delay: 0.1 ms, Speed: inf M/s, Resolution: 1920x1080
Name: CCTV-3, URL: https://migu.188766.xyz/?migutoken=d81831434ff9f6bb84e5fa2c74d4c718&id=CCTV3&type=yy, From: subscribe, IPv_Type: ipv6, Location: 美国, ISP: CloudFlare Inc., Date: None, Delay: 0.1 ms, Speed: inf M/s, Resolution: 1920x1080
Name: CCTV-3, URL: https://migu.188766.xyz/?migutoken=9cf302a27f3d14d5bdedc1fb309510e5&id=CCTV3&type=yy, From: subscribe, IPv_Type: ipv6, Location: 美国, ISP: CloudFlare Inc., Date: None, Delay: 0.1 ms, Speed: inf M/s, Resolution: 1920x1080
Name: CCTV-3, URL: https://migu.188766.xyz/?migutoken=8c0582c0ccc70d78a676b7ab376edf49&id=CCTV3&type=yy, From: subscribe, IPv_Type: ipv6, Location: 美国, ISP: CloudFlare Inc., Date: None, Delay: 0.1 ms, Speed: inf M/s, Resolution: 1920x1080
Name: CCTV-3, URL: https://migu.188766.xyz/?migutoken=59176b804c93097620f99200c2305db4&id=CCTV3&type=yy, From: subscribe, IPv_Type: ipv6, Location: 美国, ISP: CloudFlare Inc., Date: None, Delay: 0.1 ms, Speed: inf M/s, Resolution: 1920x1080
Name: CCTV-3, URL: https://migu.188766.xyz/?migutoken=01d8212e8a932a4c4559e995e1b1f713&id=CCTV3&type=yy, From: subscribe, IPv_Type: ipv6, Location: 美国, ISP: CloudFlare Inc., Date: None, Delay: 0.1 ms, Speed: inf M/s, Resolution: 1920x1080
Name: CCTV-3, URL: https://migu.188766.xyz/?migutoken=8baeaef1e127d68e593f06b35c427840&id=CCTV3&type=yy, From: subscribe, IPv_Type: ipv6, Location: 美国, ISP: CloudFlare Inc., Date: None, Delay: 0.1 ms, Speed: inf M/s, Resolution: 1920x1080
Name: CCTV-3, URL: https://migu.188766.xyz/?migutoken=dc5757abc195b694872f899e2de5a12c&id=CCTV3&type=yy, From: subscribe, IPv_Type: ipv6, Location: 美国, ISP: CloudFlare Inc., Date: None, Delay: 0.1 ms, Speed: inf M/s, Resolution: 1920x1080
Name: CCTV-3, URL: https://migu.188766.xyz/?migutoken=10e4036bc06a67d6ba525d4fa6be385f&id=CCTV3&type=yy, From: subscribe, IPv_Type: ipv6, Location: 美国, ISP: CloudFlare Inc., Date: None, Delay: 0.1 ms, Speed: inf M/s, Resolution: 1920x1080
Name: CCTV-3, URL: https://migu.188766.xyz/?migutoken=4cf72d312189b8c52aa6ddd2049fe9a0&id=CCTV3&type=yy, From: subscribe, IPv_Type: ipv6, Location: 美国, ISP: CloudFlare Inc., Date: None, Delay: 0.1 ms, Speed: inf M/s, Resolution: 1920x1080
Name: CCTV-3, URL: https://migu.188766.xyz/?migutoken=8d749e0ceedea22bf63b193e4e365bfd&id=CCTV3&type=yy, From: subscribe, IPv_Type: ipv6, Location: 美国, ISP: CloudFlare Inc., Date: None, Delay: 0.1 ms, Speed: inf M/s, Resolution: 1920x1080
Name: CCTV-3, URL: https://migu.188766.xyz/?migutoken=f61e08bd5484632682efc5b023b37ced&id=CCTV3&type=yy, From: subscribe, IPv_Type: ipv6, Location: 美国, ISP: CloudFlare Inc., Date: None, Delay: 0.1 ms, Speed: inf M/s, Resolution: 1920x1080
Name: CCTV-3, URL: https://migu.188766.xyz/?migutoken=634afe392d234ace0533e4eada6e46ca&id=CCTV3&type=yy, From: subscribe, IPv_Type: ipv6, Location: 美国, ISP: CloudFlare Inc., Date: None, Delay: 0.1 ms, Speed: inf M/s, Resolution: 1920x1080
Name: CCTV-3, URL: https://migu.188766.xyz/?migutoken=b4ef4267d9833d951577bc3ebe742401&id=CCTV3&type=yy, From: subscribe, IPv_Type: ipv6, Location: 美国, ISP: CloudFlare Inc., Date: None, Delay: 0.1 ms, Speed: inf M/s, Resolution: 1920x1080
Name: CCTV-3, URL: https://migu.188766.xyz/?migutoken=8ffc278aac1c8447db23606b3acd9a77&id=CCTV3&type=yy, From: subscribe, IPv_Type: ipv6, Location: 美国, ISP: CloudFlare Inc., Date: None, Delay: 0.1 ms, Speed: inf M/s, Resolution: 1920x1080
Name: CCTV-3, URL: http://gslbmgsplive.miguvideo.com/wd_r2/2018/ocn/cctv3hd/1000/index.m3u8?msisdn=20251212080206297d0e9c43d44cd4bb2b6770f9886d8c&mdspid=&spid=699004&netType=0&sid=5500212864&pid=2028597139&timestamp=20251212080206&Channel_ID=0116_2600037000-99000-200300220100002&ProgramID=624878271&ParentNodeID=-99&assertID=5500212864&client_ip=218.28.233.106&SecurityKey=20251212080206&promotionId=&mvid=5100001683&mcid=500020&playurlVersion=ZQ-A1-8.12.1-RELEASE&userid=&jmhm=&videocodec=h264&appCode=miguvideo_android&bean=mgspad&tid=android&conFee=0&puData=d47a2e033c3d829c018ba3ecc9f84e99&ddCalcu=9d94ve7a4aa82afe90c3c3ec33adb882190c&sv=10004&ct=android, From: subscribe, IPv_Type: ipv6, Location: 中国, ISP: 中国移动, Date: None, Delay: 0.1 ms, Speed: inf M/s, Resolution: 1920x1080
Name: CCTV-3, URL: https://migu.188766.xyz/?migutoken=ef2a15197bc630693e6dc7c5e9e4ff06&id=CCTV3&type=yy, From: subscribe, IPv_Type: ipv6, Location: 美国, ISP: CloudFlare Inc., Date: None, Delay: 0.1 ms, Speed: inf M/s, Resolution: 1920x1080
Name: CCTV-3, URL: https://migu.188766.xyz/?migutoken=2b640c4963584613296f2df469b2f2ad&id=CCTV3&type=yy, From: subscribe, IPv_Type: ipv6, Location: 美国, ISP: CloudFlare Inc., Date: None, Delay: 0.1 ms, Speed: inf M/s, Resolution: 1920x1080
Name: CCTV-3, URL: https://migu.188766.xyz/?migutoken=faee9b6d7e7df345153cb0cc5fec9599&id=CCTV3&type=yy, From: subscribe, IPv_Type: ipv6, Location: 美国, ISP: CloudFlare Inc., Date: None, Delay: 0.1 ms, Speed: inf M/s, Resolution: 1920x1080
Name: CCTV-3, URL: https://migu.188766.xyz/?migutoken=ef520295648c7c2d979ac5be725919e8&id=CCTV3&type=yy, From: subscribe, IPv_Type: ipv6, Location: 美国, ISP: CloudFlare Inc., Date: None, Delay: 0.1 ms, Speed: inf M/s, Resolution: 1920x1080
Name: CCTV-3, URL: https://migu.188766.xyz/?migutoken=0821839c1daee1a7fb479aeb687a9f42&id=CCTV3&type=yy, From: subscribe, IPv_Type: ipv6, Location: 美国, ISP: CloudFlare Inc., Date: None, Delay: 0.1 ms, Speed: inf M/s, Resolution: 1920x1080
Name: CCTV-3, URL: https://migu.188766.xyz/?migutoken=dde80d592192d27b5cc786d40932ee90&id=CCTV3&type=yy, From: subscribe, IPv_Type: ipv6, Location: 美国, ISP: CloudFlare Inc., Date: None, Delay: 0.1 ms, Speed: inf M/s, Resolution: 1920x1080
Name: CCTV-3, URL: https://migu.188766.xyz/?migutoken=8ca6ecf6cc7a750756978de10a9afd4c&id=CCTV3&type=yy, From: subscribe, IPv_Type: ipv6, Location: 美国, ISP: CloudFlare Inc., Date: None, Delay: 0.1 ms, Speed: inf M/s, Resolution: 1920x1080
Name: CCTV-3, URL: https://migu.188766.xyz/?migutoken=7840a1c026782ba3537960a263770ed9&id=CCTV3&type=yy, From: subscribe, IPv_Type: ipv6, Location: 美国, ISP: CloudFlare Inc., Date: None, Delay: 0.1 ms, Speed: inf M/s, Resolution: 1920x1080
Name: CCTV-3, URL: https://migu.188766.xyz/?migutoken=f115dfbec7a6bf3e44a33d110f1ce62f&id=CCTV3&type=yy, From: subscribe, IPv_Type: ipv6, Location: 美国, ISP: CloudFlare Inc., Date: None, Delay: 0.1 ms, Speed: inf M/s, Resolution: 1920x1080
Name: CCTV-3, URL: https://migu.188766.xyz/?migutoken=ad972ba542e60aac2038d40015dfd60b&id=CCTV3&type=yy, From: subscribe, IPv_Type: ipv6, Location: 美国, ISP: CloudFlare Inc., Date: None, Delay: 0.1 ms, Speed: inf M/s, Resolution: 1920x1080
Name: CCTV-3, URL: https://iptv.catvod.com/live.php?id=CCTV-3, From: subscribe, IPv_Type: ipv6, Location: 美国, ISP: CloudFlare Inc., Date: None, Delay: 0.1 ms, Speed: inf M/s, Resolution: 1920x1080
Name: CCTV-3, URL: https://migu.188766.xyz/?migutoken=1535e07a68c9ed5a9e1e1a73e310605e&id=CCTV3&type=yy, From: subscribe, IPv_Type: ipv6, Location: 美国, ISP: CloudFlare Inc., Date: None, Delay: 0.1 ms, Speed: inf M/s, Resolution: 1920x1080
Name: CCTV-3, URL: https://migu.188766.xyz/?migutoken=d39bcac20abb7132f559fbf450ccb7bc&id=CCTV3&type=yy, From: subscribe, IPv_Type: ipv6, Location: 美国, ISP: CloudFlare Inc., Date: None, Delay: 0.1 ms, Speed: inf M/s, Resolution: 1920x1080
Name: CCTV-3, URL: https://migu.188766.xyz/?migutoken=b5d1064d07538727ec6f233c562dd7fd&id=CCTV3&type=yy, From: subscribe, IPv_Type: ipv6, Location: 美国, ISP: CloudFlare Inc., Date: None, Delay: 0.1 ms, Speed: inf M/s, Resolution: 1920x1080
Name: CCTV-3, URL: https://migu.188766.xyz/?migutoken=f6c0c58814970826538e85735cfb641a&id=CCTV3&type=yy, From: subscribe, IPv_Type: ipv6, Location: 美国, ISP: CloudFlare Inc., Date: None, Delay: 0.1 ms, Speed: inf M/s, Resolution: 1920x1080
Name: CCTV-3, URL: https://migu.188766.xyz/?migutoken=6f36861ad28db8b87bcf796821ebcdda&id=CCTV3&type=yy, From: subscribe, IPv_Type: ipv6, Location: 美国, ISP: CloudFlare Inc., Date: None, Delay: 0.1 ms, Speed: inf M/s, Resolution: 1920x1080
Name: CCTV-3, URL: https://migu.188766.xyz/?migutoken=5bbeb35d964f4c7b6a5126ffd7659ac5&id=CCTV3&type=yy, From: subscribe, IPv_Type: ipv6, Location: 美国, ISP: CloudFlare Inc., Date: None, Delay: 0.1 ms, Speed: inf M/s, Resolution: 1920x1080
Name: CCTV-3, URL: https://migu.188766.xyz/?migutoken=aa9cf6475bb176ba1aa23d6f9cf8eac0&id=CCTV3&type=yy, From: subscribe, IPv_Type: ipv6, Location: 美国, ISP: CloudFlare Inc., Date: None, Delay: 0.1 ms, Speed: inf M/s, Resolution: 1920x1080
Name: CCTV-3, URL: https://migu.188766.xyz/?migutoken=b572cd4ce92a469b589fbad53b39459b&id=CCTV3&type=yy, From: subscribe, IPv_Type: ipv6, Location: 美国, ISP: CloudFlare Inc., Date: None, Delay: 0.1 ms, Speed: inf M/s, Resolution: 1920x1080
Name: CCTV-3, URL: https://migu.188766.xyz/?migutoken=e990f651d2f129c38ff33716affa1eca&id=CCTV3&type=yy, From: subscribe, IPv_Type: ipv6, Location: 美国, ISP: CloudFlare Inc., Date: None, Delay: 0.1 ms, Speed: inf M/s, Resolution: 1920x1080
Name: CCTV-3, URL: https://migu.188766.xyz/?migutoken=c940dc5a509aa5ae0075a4b6d94b98ec&id=CCTV3&type=yy, From: subscribe, IPv_Type: ipv6, Location: 美国, ISP: CloudFlare Inc., Date: None, Delay: 0.1 ms, Speed: inf M/s, Resolution: 1920x1080
Name: CCTV-3, URL: https://migu.188766.xyz/?migutoken=e9b647803b54e31cd9c261ffb7582a4c&id=CCTV3&type=yy, From: subscribe, IPv_Type: ipv6, Location: 美国, ISP: CloudFlare Inc., Date: None, Delay: 0.1 ms, Speed: inf M/s, Resolution: 1920x1080
Name: CCTV-3, URL: https://migu.188766.xyz/?migutoken=e4d7285f92a2c5cae831504d86e74710&id=CCTV3&type=yy, From: subscribe, IPv_Type: ipv6, Location: 美国, ISP: CloudFlare Inc., Date: None, Delay: 0.1 ms, Speed: inf M/s, Resolution: 1920x1080
Name: CCTV-3, URL: https://migu.188766.xyz/?migutoken=c8c78b4ecb83845466d988f0a32a0cda&id=CCTV3&type=yy, From: subscribe, IPv_Type: ipv6, Location: 美国, ISP: CloudFlare Inc., Date: None, Delay: 0.1 ms, Speed: inf M/s, Resolution: 1920x1080
Name: CCTV-3, URL: https://migu.188766.xyz/?migutoken=13f751a7091247ba1f2e0b82299bbb6d&id=CCTV3&type=yy, From: subscribe, IPv_Type: ipv6, Location: 美国, ISP: CloudFlare Inc., Date: None, Delay: 0.1 ms, Speed: inf M/s, Resolution: 1920x1080
Name: CCTV-3, URL: https://migu.188766.xyz/?migutoken=009c353b5d7c5ad7ab98f4a89c8b111d&id=CCTV3&type=yy, From: subscribe, IPv_Type: ipv6, Location: 美国, ISP: CloudFlare Inc., Date: None, Delay: 0.1 ms, Speed: inf M/s, Resolution: 1920x1080
Name: CCTV-3, URL: https://migu.188766.xyz/?migutoken=43f4344357606644bd090575c7829337&id=CCTV3&type=yy, From: subscribe, IPv_Type: ipv6, Location: 美国, ISP: CloudFlare Inc., Date: None, Delay: 0.1 ms, Speed: inf M/s, Resolution: 1920x1080
Name: CCTV-3, URL: https://migu.188766.xyz/?migutoken=c5be86d4e28fc8a9699466514b6a2177&id=CCTV3&type=yy, From: subscribe, IPv_Type: ipv6, Location: 美国, ISP: CloudFlare Inc., Date: None, Delay: -1 ms, Speed: 0.00 M/s, Resolution: None
Name: CCTV-3, URL: https://migu.188766.xyz/?migutoken=a79d94cd907498362953914886eb1331&id=CCTV3&type=yy, From: subscribe, IPv_Type: ipv6, Location: 美国, ISP: CloudFlare Inc., Date: None, Delay: -1 ms, Speed: 0.00 M/s, Resolution: None
Name: CCTV-3, URL: https://migu.188766.xyz/?migutoken=370155bf81d20351917b85b0c8b49b37&id=CCTV3&type=yy, From: subscribe, IPv_Type: ipv6, Location: 美国, ISP: CloudFlare Inc., Date: None, Delay: -1 ms, Speed: 0.00 M/s, Resolution: None
Name: CCTV-3, URL: https://migu.188766.xyz/?migutoken=d18533bf332fd2ca846b8876816d61f8&id=CCTV3&type=yy, From: subscribe, IPv_Type: ipv6, Location: 美国, ISP: CloudFlare Inc., Date: None, Delay: -1 ms, Speed: 0.00 M/s, Resolution: None
Name: CCTV-3, URL: https://migu.188766.xyz/?migutoken=cde997a7875077597c4e1f664da2b6f7&id=CCTV3&type=yy, From: subscribe, IPv_Type: ipv6, Location: 美国, ISP: CloudFlare Inc., Date: None, Delay: -1 ms, Speed: 0.00 M/s, Resolution: None
Name: CCTV-3, URL: https://migu.188766.xyz/?migutoken=82a79f3be2838d013d644a1bc5de4f86&id=CCTV3&type=yy, From: subscribe, IPv_Type: ipv6, Location: 美国, ISP: CloudFlare Inc., Date: None, Delay: -1 ms, Speed: 0.00 M/s, Resolution: None
Name: CCTV-3, URL: http://38.75.136.137:98/gslb/dsdqca/cctv3hd.m3u8?auth=test20251009, From: subscribe, IPv_Type: ipv4, Location: 美国-伊利诺伊州-库克, ISP: Cogent, Date: None, Delay: 657 ms, Speed: 8.49 M/s, Resolution: 1920x1080
Name: CCTV-3, URL: http://38.75.136.137:98/gslb/dsdqbv/cctv3hd.m3u8?auth=test20251009, From: subscribe, IPv_Type: ipv4, Location: 美国-伊利诺伊州-库克, ISP: Cogent, Date: None, Delay: 814 ms, Speed: 3.12 M/s, Resolution: 1920x1080
Name: CCTV-3, URL: http://23.237.228.134/live5/CCTV3.m3u8, From: subscribe, IPv_Type: ipv4, Location: 北美地区, ISP: , Date: None, Delay: 1264 ms, Speed: 2.52 M/s, Resolution: 1920x1080
Name: CCTV-4, URL: http://php.jdshipin.com/TVOD/hljyd.php?id=3221226428, From: subscribe, IPv_Type: ipv6, Location: 美国, ISP: CloudFlare Inc., Date: None, Delay: 0.1 ms, Speed: inf M/s, Resolution: 1920x1080
Name: CCTV-4, URL: http://z.b.bkpcp.top/m.php?id=CCTV-4国际, From: subscribe, IPv_Type: ipv6, Location: 美国, ISP: CloudFlare Inc., Date: None, Delay: 0.1 ms, Speed: inf M/s, Resolution: 1920x1080
Name: CCTV-4, URL: http://iptv.huuc.edu.cn/hls/cctv4hd.m3u8, From: subscribe, IPv_Type: ipv6, Location: 中国, ISP: 教育网, Date: None, Delay: 0.1 ms, Speed: inf M/s, Resolution: 1920x1080
Name: CCTV-4, URL: https://www.freetv.top/migu/631780421.m3u8?migutoken=fefc6a44400a0dd448699ae0ce3d6e2c5a0f49b8d48adb36e747c4fbab039337eb3244f9951acbddaf26b7bf51597a7d1b43c8845e67fd5914ece875dcad325bb388200bc0f12fdff727d03e2d, From: subscribe, IPv_Type: ipv6, Location: 美国-加利福尼亚州-圣克拉拉, ISP: DigitalOcean, Date: None, Delay: 0.1 ms, Speed: inf M/s, Resolution: 1920x1080
Name: CCTV-4, URL: https://smart.pendy.dpdns.org/Smart.php?id=cctv4, From: subscribe, IPv_Type: ipv6, Location: 美国, ISP: CloudFlare Inc., Date: None, Delay: 0.1 ms, Speed: inf M/s, Resolution: 1920x1080
Name: CCTV-4, URL: http://goo.bkpcp.top/mg/cctv4o, From: subscribe, IPv_Type: ipv6, Location: 美国, ISP: CloudFlare Inc., Date: None, Delay: 0.1 ms, Speed: inf M/s, Resolution: 1920x1080
Name: CCTV-4, URL: http://goo.bkpcp.top/mg/cctv4m, From: subscribe, IPv_Type: ipv6, Location: 美国, ISP: CloudFlare Inc., Date: None, Delay: 0.1 ms, Speed: inf M/s, Resolution: 1920x1080
Name: CCTV-4, URL: http://[2409:8087:1a01:df::4077]/ottrrs.hl.chinamobile.com/PLTV/88888888/8/3221226007/index.m3u8, From: subscribe, IPv_Type: ipv6, Location: 中国, ISP: 中国移动, Date: None, Delay: 0.1 ms, Speed: inf M/s, Resolution: 1920x1080
Name: CCTV-4, URL: http://[2409:8087:1:20:20::29]/otttv.bj.chinamobile.com/PLTV/88888888/224/3221226335/1.m3u8?servicetype=1&accountinfo=%7E%7EV2.0%7EBFJ5gRpm8ntK8JEFPZOhLQ%7EPepnxHHB2d6Hk2dZWM77MyFlBN5q1KnYLvimM9pqT7EfCf-e5nKehMQzrOBwWduf%7EExtInfo9bj61dxzlMXrsixrqcFYPg%3A20240420192542%2C%2C%2C20240420192542%2C%2C10001000275495%2C-1%2C0%2C1%2C-1%2C%2C2%2C2201300%2C%2C%2C2%2C%2C%2CEND&GuardEncType=2, From: subscribe, IPv_Type: ipv6, Location: 中国, ISP: 中国移动, Date: None, Delay: 0.1 ms, Speed: inf M/s, Resolution: 1920x1080
Name: CCTV-4, URL: http://[2409:8087:8:21::18]:6610/otttv.bj.chinamobile.com/PLTV/88888888/224/3221226335/1.m3u8, From: subscribe, IPv_Type: ipv6, Location: 中国, ISP: 中国移动, Date: None, Delay: 0.1 ms, Speed: inf M/s, Resolution: 1920x1080
Name: CCTV-4, URL: http://[2409:8087:8:21::18]:6610/otttv.bj.chinamobile.com/PLTV/88888888/224/3221226455/1.m3u8, From: subscribe, IPv_Type: ipv6, Location: 中国, ISP: 中国移动, Date: None, Delay: 0.1 ms, Speed: inf M/s, Resolution: 1920x1080
Name: CCTV-4, URL: http://[2409:8087:8:21::18]:6610/otttv.bj.chinamobile.com/PLTV/88888888/224/3221226470/1.m3u8, From: subscribe, IPv_Type: ipv6, Location: 中国, ISP: 中国移动, Date: None, Delay: 0.1 ms, Speed: inf M/s, Resolution: 1920x1080
Name: CCTV-4, URL: http://[2409:8087:1a0a:df::404b]/ottrrs.hl.chinamobile.com/TVOD/88888888/224/3221226428/index.m3u8, From: subscribe, IPv_Type: ipv6, Location: 中国, ISP: 中国移动, Date: None, Delay: 0.1 ms, Speed: inf M/s, Resolution: 1920x1080
Name: CCTV-4, URL: http://[2409:8087:8:21::18]:6610/otttv.bj.chinamobile.com/PLTV/88888888/224/3221226907/1.m3u8, From: subscribe, IPv_Type: ipv6, Location: 中国, ISP: 中国移动, Date: None, Delay: 0.1 ms, Speed: inf M/s, Resolution: 1920x1080
Name: CCTV-4, URL: https://www.freetv.top/migu/631780421.m3u8?migutoken=9c479e166888f001e1fb4ab5502e734251c68075cd89836a715137a1a2a4b18b60e282b0f1a308d6641c282600bd8db3cef99cb15edd0ab61d81c4d76d154bb464e3a02a75b167298c4747ce6f, From: subscribe, IPv_Type: ipv6, Location: 美国-加利福尼亚州-圣克拉拉, ISP: DigitalOcean, Date: None, Delay: 0.1 ms, Speed: inf M/s, Resolution: 1920x1080
Name: CCTV-4, URL: https://www.freetv.top/migu/631780421.m3u8?migutoken=8dc7b786c408976ee73b6ee5a0e7bf7de8ed82ed22f8668130fa8f17f943f9aeefa99d71320e4b5ac6c57c70025c65d2b4c31a9dfca1ebed552d0e3d722521423806670cc55bb626ba456b64fe, From: subscribe, IPv_Type: ipv6, Location: 美国-加利福尼亚州-圣克拉拉, ISP: DigitalOcean, Date: None, Delay: 0.1 ms, Speed: inf M/s, Resolution: 1920x1080
Name: CCTV-4, URL: https://www.freetv.top/migu/608807416.m3u8?migutoken=cfc1141967eb2f06f62caa8f87ecd004f5096e3d9013d45f3fbc7597bc6f8a5b22a7b29ff3e195b179467f54bb94620de38658b7c53f55144109671005f6b03a062dd1fc884e2169dbcb902874, From: subscribe, IPv_Type: ipv6, Location: 美国-加利福尼亚州-圣克拉拉, ISP: DigitalOcean, Date: None, Delay: 0.1 ms, Speed: inf M/s, Resolution: 1920x1080
Name: CCTV-4, URL: https://www.freetv.top/migu/608807419.m3u8?migutoken=e2fddc8b0c2fe505d1d8eada5b1f83dd20360ebfe0adcabfc7e64546305a240ee00c76ffab76b1d2091c9b93a868da387c465be6c1e7b46c66996127d6734102a426e7a3478c2fd972b071d5f2, From: subscribe, IPv_Type: ipv6, Location: 美国-加利福尼亚州-圣克拉拉, ISP: DigitalOcean, Date: None, Delay: 0.1 ms, Speed: inf M/s, Resolution: 1920x1080
Name: CCTV-4, URL: https://smart.pendy.dpdns.org/Smart.php?id=Cctv4, From: subscribe, IPv_Type: ipv6, Location: 美国, ISP: CloudFlare Inc., Date: None, Delay: 0.1 ms, Speed: inf M/s, Resolution: 1920x1080
Name: CCTV-4, URL: http://www.freetv.top/migu/631780421.m3u8?migutoken=7acf39385ea80b0efa77b918418fcf998d00455e8b98e02dff92961440d989e3b7da00ef24731d327c410f2ef9ceb51e2137c20b2b606646542ce4643521747bf78b7533b3ec604bba63ffdf43, From: subscribe, IPv_Type: ipv6, Location: 美国-加利福尼亚州-圣克拉拉, ISP: DigitalOcean, Date: None, Delay: 0.1 ms, Speed: inf M/s, Resolution: 1920x1080
Name: CCTV-4, URL: https://www.freetv.top/migu/608807416.m3u8?migutoken=85c9fb128ac91587cf67086436bd4af8631774375811d0d14ba7158ffb2f56b528e7e92a2da4c2f8bd757394265b58efcbccdce316306a1dae700620a73e52c2ab049d8bd223c049567a8c10bf, From: subscribe, IPv_Type: ipv6, Location: 美国-加利福尼亚州-圣克拉拉, ISP: DigitalOcean, Date: None, Delay: 0.1 ms, Speed: inf M/s, Resolution: 1920x1080
Name: CCTV-4, URL: https://www.freetv.top/migu/608807416.m3u8?migutoken=94d24df192f212e52d7c222dfab7df5ce4aad53db2766a6c4275a4c1e796cf13fb231906f792af9bc717ce1ccafa62165ebdc66b02fb0882cd5beac443921d36883a491d2b549a5509d63534e1, From: subscribe, IPv_Type: ipv6, Location: 美国-加利福尼亚州-圣克拉拉, ISP: DigitalOcean, Date: None, Delay: 0.1 ms, Speed: inf M/s, Resolution: 1920x1080
Name: CCTV-4, URL: https://www.freetv.top/migu/608807419.m3u8?migutoken=6a212f7bbb565d15fa1837af03bca5806c8d1522a2c9b34b1ed1c0f3cd23e6d7c4761bb6b35c9de97d923f603f557e6edb2ee11c80decc83bddea897b5c7ac59a7efea8e4796cbbfcf1b3fc93c, From: subscribe, IPv_Type: ipv6, Location: 美国-加利福尼亚州-圣克拉拉, ISP: DigitalOcean, Date: None, Delay: 0.1 ms, Speed: inf M/s, Resolution: 1920x1080
Name: CCTV-4, URL: http://yc.myds.me:35455/gaoma/cctv4.m3u8, From: subscribe, IPv_Type: ipv6, Location: 中国, ISP: 中国电信, Date: None, Delay: 0.1 ms, Speed: inf M/s, Resolution: 1920x1080
Name: CCTV-4, URL: http://iptv.cdn.ha.chinamobile.com/PLTV/88888888/224/3221227235/index.m3u8, From: subscribe, IPv_Type: ipv6, Location: 中国, ISP: 中国移动, Date: None, Delay: 0.1 ms, Speed: inf M/s, Resolution: 1920x1080
Name: CCTV-4, URL: https://stream1.freetv.fun/0e299805282d3470a1b2622405ec34d49fe09424ab15bdeaa14eb2442bb3c9cf.m3u8, From: subscribe, IPv_Type: ipv6, Location: 美国, ISP: CloudFlare Inc., Date: None, Delay: 0.1 ms, Speed: inf M/s, Resolution: 1920x1080
Name: CCTV-4, URL: https://stream1.freetv.fun/1bf0211b5baaa7f1430933ff2f78b4a1117b0f8e250a718adfba91a694024f4d.m3u8, From: subscribe, IPv_Type: ipv6, Location: 美国, ISP: CloudFlare Inc., Date: None, Delay: 0.1 ms, Speed: inf M/s, Resolution: 1920x1080
Name: CCTV-4, URL: https://stream1.freetv.fun/54376a4d22fadd3ac7fb8fcc0b92321f9a5736c597ad6f68cacb0a2e835cf92b.m3u8, From: subscribe, IPv_Type: ipv6, Location: 美国, ISP: CloudFlare Inc., Date: None, Delay: 0.1 ms, Speed: inf M/s, Resolution: 1920x1080
Name: CCTV-4, URL: https://stream1.freetv.fun/0d839f5d81e4bf543f91e5413de15e99bc658de9826ea59d16333bc8cb664b44.m3u8, From: subscribe, IPv_Type: ipv6, Location: 美国, ISP: CloudFlare Inc., Date: None, Delay: 0.1 ms, Speed: inf M/s, Resolution: 1920x1080
Name: CCTV-4, URL: https://stream1.freetv.fun/2f1e3c9d65bfe24a6528f5bf7ef0c04c6f31d388d96148f28f7cd72a25cd9a8c.m3u8, From: subscribe, IPv_Type: ipv6, Location: 美国, ISP: CloudFlare Inc., Date: None, Delay: 0.1 ms, Speed: inf M/s, Resolution: 1920x1080
Name: CCTV-4, URL: https://stream1.freetv.fun/6695f13d9d21c7db41f985c194e89b3e985f6c257c9555f989a489a45c196962.m3u8, From: subscribe, IPv_Type: ipv6, Location: 美国, ISP: CloudFlare Inc., Date: None, Delay: 0.1 ms, Speed: inf M/s, Resolution: 1920x1080
Name: CCTV-4, URL: https://stream1.freetv.fun/a08330156a94fcf328198df9c025121caaf5cca68fe9e303fa936ae40cee5887.m3u8, From: subscribe, IPv_Type: ipv6, Location: 美国, ISP: CloudFlare Inc., Date: None, Delay: 0.1 ms, Speed: inf M/s, Resolution: 1920x1080
Name: CCTV-4, URL: https://stream1.freetv.fun/4d07bdd45298f5188e1e215d557f8b1703d924d4e874e864fd160d4d7f3cae16.m3u8, From: subscribe, IPv_Type: ipv6, Location: 美国, ISP: CloudFlare Inc., Date: None, Delay: 0.1 ms, Speed: inf M/s, Resolution: 1920x1080
Name: CCTV-4, URL: https://stream1.freetv.fun/6caa56fec0c41d3a0a710a1d0bfcda38105e22d8e4110fabf7ab91a3f203f901.m3u8, From: subscribe, IPv_Type: ipv6, Location: 美国, ISP: CloudFlare Inc., Date: None, Delay: 0.1 ms, Speed: inf M/s, Resolution: 1920x1080
Name: CCTV-4, URL: https://stream1.freetv.fun/5ecf26f2e60ac62579cd196934377718114f8d8a41503e8354c446c72f1b09b7.m3u8, From: subscribe, IPv_Type: ipv6, Location: 美国, ISP: CloudFlare Inc., Date: None, Delay: 0.1 ms, Speed: inf M/s, Resolution: 1920x1080
Name: CCTV-4, URL: https://stream1.freetv.fun/65ac61c6c6a2b58f5eb41469958413367ff7af3ad84bc702885b5afd3327fcb0.m3u8, From: subscribe, IPv_Type: ipv6, Location: 美国, ISP: CloudFlare Inc., Date: None, Delay: 0.1 ms, Speed: inf M/s, Resolution: 1920x1080
Name: CCTV-4, URL: https://stream1.freetv.fun/e883b241b7e6be61d2659dd68b1d538f0dc881bae104df44b9a6f8323b6234c9.m3u8, From: subscribe, IPv_Type: ipv6, Location: 美国, ISP: CloudFlare Inc., Date: None, Delay: 0.1 ms, Speed: inf M/s, Resolution: 1920x1080
Name: CCTV-4, URL: https://stream1.freetv.fun/9dca82acae622047c106cad98fa866a026074d1dfd956b0a1f7555f6dd5077ad.m3u8, From: subscribe, IPv_Type: ipv6, Location: 美国, ISP: CloudFlare Inc., Date: None, Delay: 0.1 ms, Speed: inf M/s, Resolution: 1920x1080
Name: CCTV-4, URL: https://stream1.freetv.fun/ef9b087371bda4714a5baf1f17f93e9dc7cfd2890eab472f3058709c17b3315f.m3u8, From: subscribe, IPv_Type: ipv6, Location: 美国, ISP: CloudFlare Inc., Date: None, Delay: 0.1 ms, Speed: inf M/s, Resolution: 1920x1080
Name: CCTV-4, URL: https://stream1.freetv.fun/8af67b32b047b43e35713509603dd92263f344a13fae50eb202a7956458229fb.m3u8, From: subscribe, IPv_Type: ipv6, Location: 美国, ISP: CloudFlare Inc., Date: None, Delay: 0.1 ms, Speed: inf M/s, Resolution: 1920x1080
Name: CCTV-4, URL: https://stream1.freetv.fun/43229ec03f2ba5352c33770df9061aa26a5624068b51b1c1ed9ab98c9109acf6.m3u8, From: subscribe, IPv_Type: ipv6, Location: 美国, ISP: CloudFlare Inc., Date: None, Delay: 0.1 ms, Speed: inf M/s, Resolution: 1920x1080
Name: CCTV-4, URL: https://stream1.freetv.fun/a722b1d2e56f302d937c1860fb90c5fa0f5cdc3154486dea6a906089073fc71a.m3u8, From: subscribe, IPv_Type: ipv6, Location: 美国, ISP: CloudFlare Inc., Date: None, Delay: 0.1 ms, Speed: inf M/s, Resolution: 1920x1080
Name: CCTV-4, URL: http://lu.wqwqwq.sbs/itv/1000000005000265004.m3u8?cdn=ystenlive, From: subscribe, IPv_Type: ipv6, Location: 美国, ISP: CloudFlare Inc., Date: None, Delay: 0.1 ms, Speed: inf M/s, Resolution: 1920x1080
Name: CCTV-4, URL: http://[2409:8087:5e01:34::22]:6610/ZTE_CMS/00000001000000060000000000000485/index.m3u8?IAS, From: subscribe, IPv_Type: ipv6, Location: 中国, ISP: 中国移动, Date: None, Delay: 0.1 ms, Speed: inf M/s, Resolution: 1920x1080
Name: CCTV-4, URL: http://[2409:8087:5e01:34::23]:6610/ZTE_CMS/00000001000000060000000000000485/index.m3u8?IAS, From: subscribe, IPv_Type: ipv6, Location: 中国, ISP: 中国移动, Date: None, Delay: 0.1 ms, Speed: inf M/s, Resolution: 1920x1080
Name: CCTV-4, URL: http://[2409:8087:5e01:34::21]:6610/ZTE_CMS/00000001000000060000000000000485/index.m3u8?IAS, From: subscribe, IPv_Type: ipv6, Location: 中国, ISP: 中国移动, Date: None, Delay: 0.1 ms, Speed: inf M/s, Resolution: 1920x1080
Name: CCTV-4, URL: http://[2409:8087:5e01:34::20]:6610/ZTE_CMS/00000001000000060000000000000485/index.m3u8?IAS, From: subscribe, IPv_Type: ipv6, Location: 中国, ISP: 中国移动, Date: None, Delay: 0.1 ms, Speed: inf M/s, Resolution: 1920x1080
Name: CCTV-4, URL: http://dbiptv.sn.chinamobile.com/PLTV/88888890/224/3221226191/index.m3u8, From: subscribe, IPv_Type: ipv6, Location: 中国, ISP: 中国移动, Date: None, Delay: 0.1 ms, Speed: inf M/s, Resolution: 1920x1080
Name: CCTV-4, URL: https://stream1.freetv.fun/964a51445ff33a4d13e786b28b01992fa55022cfc28c81c5f24497d1131a5d18.m3u8, From: subscribe, IPv_Type: ipv6, Location: 美国, ISP: CloudFlare Inc., Date: None, Delay: 0.1 ms, Speed: inf M/s, Resolution: 1920x1080
Name: CCTV-4, URL: http://zteres.sn.chinamobile.com:6060/000000001000/5000000011000031102/1.m3u8?channel-id=bestzb&Contentid=5000000011000031102&livemode=1&stbId=3, From: subscribe, IPv_Type: ipv6, Location: 中国, ISP: 中国移动, Date: None, Delay: 0.1 ms, Speed: inf M/s, Resolution: 1920x1080
Name: CCTV-4, URL: http://zteres.sn.chinamobile.com:6060/000000001000/5000000005000030093/1.m3u8?channel-id=bestzb&Contentid=5000000005000030093&livemode=1&stbId=3, From: subscribe, IPv_Type: ipv6, Location: 中国, ISP: 中国移动, Date: None, Delay: 0.1 ms, Speed: inf M/s, Resolution: 1920x1080
Name: CCTV-4, URL: http://[2409:8087:4c0a:22:1::11]:6410/170000001115/UmaiCHAN5000037BESTVSMGSMG/index.m3u8?AuthInfo=9kOOdBn7MFF%2F2bWjKgahUSpr1AVNI633ampcuzdN%2BfH0ZQXwaiVktPr6ILPKXqwOUC2ZXft7ZULN6h9qLQPFOTSlVTfophiKaMb8h1kPV74, From: subscribe, IPv_Type: ipv6, Location: 中国, ISP: 中国移动, Date: None, Delay: 0.1 ms, Speed: inf M/s, Resolution: 1920x1080
Name: CCTV-4, URL: http://[2409:8087:2001:20:2800:0:df6e:eb21]:80/PLTV/1/224/3221231032/1.m3u8, From: subscribe, IPv_Type: ipv6, Location: 中国, ISP: 中国移动, Date: None, Delay: 0.1 ms, Speed: inf M/s, Resolution: 1920x1080
Name: CCTV-4, URL: http://[2409:8087:2001:20:2800:0:df6e:eb20]:80/PLTV/1/224/3221230948/1.m3u8, From: subscribe, IPv_Type: ipv6, Location: 中国, ISP: 中国移动, Date: None, Delay: 0.1 ms, Speed: inf M/s, Resolution: 1920x1080
Name: CCTV-4, URL: http://[2409:8087:5e01:34::38]:6610/ZTE_CMS/00000001000000060000000000000485/index.m3u8, From: subscribe, IPv_Type: ipv6, Location: 中国, ISP: 中国移动, Date: None, Delay: 0.1 ms, Speed: inf M/s, Resolution: 1920x1080
Name: CCTV-4, URL: http://[2409:8087:5e00:24::1e]:6060/200000001898/460000089800010017/index.m3u8, From: subscribe, IPv_Type: ipv6, Location: 中国, ISP: 中国移动, Date: None, Delay: 0.1 ms, Speed: inf M/s, Resolution: 1920x1080
Name: CCTV-4, URL: http://[2409:8087:5e00:24::1f]:6060/ZTE_CMS/00000001000000060000000000000485/index.m3u8, From: subscribe, IPv_Type: ipv6, Location: 中国, ISP: 中国移动, Date: None, Delay: 0.1 ms, Speed: inf M/s, Resolution: 1920x1080
Name: CCTV-4, URL: http://[2409:8087:74f0:22::4]:6410/270000001128/9900000503/index.m3u8, From: subscribe, IPv_Type: ipv6, Location: 中国, ISP: 中国移动, Date: None, Delay: 0.1 ms, Speed: inf M/s, Resolution: 1920x1080
Name: CCTV-4, URL: http://[2409:8087:1a01:df::7005]/ottrrs.hl.chinamobile.com/PLTV/88888888/224/3221226428/index.m3u8, From: subscribe, IPv_Type: ipv6, Location: 中国, ISP: 中国移动, Date: None, Delay: 0.1 ms, Speed: inf M/s, Resolution: 1920x1080
Name: CCTV-4, URL: http://[2409:8087:3869:8021:1001::e5]:6610/PLTV/88888910/224/3221225621/index.m3u8, From: subscribe, IPv_Type: ipv6, Location: 中国, ISP: 中国移动, Date: None, Delay: 0.1 ms, Speed: inf M/s, Resolution: 1920x1080
Name: CCTV-4, URL: http://rrs01.hw.gmcc.net:8088/PLTV/81/224/3221226725/1.m3u8, From: subscribe, IPv_Type: ipv6, Location: 中国, ISP: 中国移动, Date: None, Delay: 0.1 ms, Speed: inf M/s, Resolution: 1920x1080
Name: CCTV-4, URL: http://k.061899.xyz/m.php?id=cctv4, From: subscribe, IPv_Type: ipv6, Location: 新加坡, ISP: Aceville Pte.Ltd., Date: None, Delay: 0.1 ms, Speed: inf M/s, Resolution: 1920x1080
Name: CCTV-4, URL: http://[2409:8087:1a15:10d1::38]/ottrrs.hl.chinamobile.com/PLTV/88888888/224/3221226428/index.m3u8, From: subscribe, IPv_Type: ipv6, Location: 中国, ISP: 中国移动, Date: None, Delay: 0.1 ms, Speed: inf M/s, Resolution: 1920x1080
Name: CCTV-4, URL: http://[2409:8087:1a15:10d1::33]/ottrrs.hl.chinamobile.com/PLTV/88888888/224/3221226428/index.m3u8, From: subscribe, IPv_Type: ipv6, Location: 中国, ISP: 中国移动, Date: None, Delay: 0.1 ms, Speed: inf M/s, Resolution: 1920x1080
Name: CCTV-4, URL: http://[2409:8087:5e08:25::16]:6610/200000001898/460000089800010017/1.m3u8, From: subscribe, IPv_Type: ipv6, Location: 中国, ISP: 中国移动, Date: None, Delay: 0.1 ms, Speed: inf M/s, Resolution: 1920x1080
Name: CCTV-4, URL: https://migu.188766.xyz/?migutoken=3d802213eab2a75785cb2ca72b1e6312&id=CCTV4%E7%BE%8E%E6%B4%B2&type=yy, From: subscribe, IPv_Type: ipv6, Location: 美国, ISP: CloudFlare Inc., Date: None, Delay: 0.1 ms, Speed: inf M/s, Resolution: 1920x1080
Name: CCTV-4, URL: https://mgtv.ottiptv.cc/migu/631780421.m3u8?migutoken=efbfeba358cdc62147983f23f7d8b32e00c8c065390d8311181a7f77e958b716e07fc64d85ebe0fcaadd44898d17ba4690cc11e3c0ce6fea4ef4261c897bd3cd601edfbee436a003ea29fa2dc5, From: subscribe, IPv_Type: ipv6, Location: 美国-新泽西州-巴赛克, ISP: DigitalOcean, Date: None, Delay: 0.1 ms, Speed: inf M/s, Resolution: 1920x1080
Name: CCTV-4, URL: https://cc06.tv12.xyz/4.m3u8, From: subscribe, IPv_Type: ipv6, Location: 美国, ISP: CloudFlare Inc., Date: None, Delay: 0.1 ms, Speed: inf M/s, Resolution: 1920x1080
Name: CCTV-4, URL: http://gslbmgsplive.miguvideo.com/wd_r2/cctv/cctv4hd/1500/index.m3u8?msisdn=202509190801308fe70f6dc4854c3fad185f53c57d5cc0&mdspid=&spid=699004&netType=0&sid=5500346947&pid=2028597139&timestamp=20250919080130&Channel_ID=0116_2600000900-99000-201600010010027&ProgramID=631780421&ParentNodeID=-99&assertID=5500346947&client_ip=106.13.250.88&SecurityKey=20250919080130&promotionId=&mvid=5101064235&mcid=500020&playurlVersion=WX-A1-8.9.1-RELEASE&userid=&jmhm=&videocodec=h264&bean=mgspad&tid=android&conFee=0&puData=2e7eb244df5a42302584ddc673524601&ddCalcu=120ee6714e12b05234746dcfd5da44825320, From: subscribe, IPv_Type: ipv6, Location: 中国, ISP: 中国移动, Date: None, Delay: 0.1 ms, Speed: inf M/s, Resolution: 1920x1080
Name: CCTV-4, URL: https://migu.188766.xyz/?migutoken=3420a9c3cbaec4e43946a80087635678&id=CCTV4&type=yy, From: subscribe, IPv_Type: ipv6, Location: 美国, ISP: CloudFlare Inc., Date: None, Delay: 0.1 ms, Speed: inf M/s, Resolution: 1920x1080
Name: CCTV-4, URL: https://migu.188766.xyz/?migutoken=ca23e1f346f3af594de19faf81f51d39&id=CCTV4%E6%AC%A7%E6%B4%B2&type=yy, From: subscribe, IPv_Type: ipv6, Location: 美国, ISP: CloudFlare Inc., Date: None, Delay: 0.1 ms, Speed: inf M/s, Resolution: 1920x1080
Name: CCTV-4, URL: https://migu.188766.xyz/?migutoken=88d47bec80ffced36b5bf46f8a2c960a&id=CCTV4%E7%BE%8E%E6%B4%B2&type=yy, From: subscribe, IPv_Type: ipv6, Location: 美国, ISP: CloudFlare Inc., Date: None, Delay: 0.1 ms, Speed: inf M/s, Resolution: 1920x1080
Name: CCTV-4, URL: http://gslbmgsplive.miguvideo.com/wd_r2/cctv/cctv4hd/1500/index.m3u8?msisdn=20251114060028d45cbf4b051744458f0ab4b8c38780ce&mdspid=&spid=699004&netType=0&sid=5500346947&pid=2028597139&timestamp=20251114060028&Channel_ID=0116_2600000900-99000-201600010010027&ProgramID=631780421&ParentNodeID=-99&assertID=5500346947&client_ip=106.13.250.90&SecurityKey=20251114060028&promotionId=&mvid=5101064235&mcid=500020&playurlVersion=WX-A1-8.10.1-RELEASE&userid=&jmhm=&videocodec=h264&bean=mgspad&tid=android&conFee=0&puData=2723af5e360da0767ee200947efe3c8f&ddCalcu=f287ec21331ea0ffe57e4396000d2ae0e776, From: subscribe, IPv_Type: ipv6, Location: 中国, ISP: 中国移动, Date: None, Delay: 0.1 ms, Speed: inf M/s, Resolution: 1920x1080
Name: CCTV-4, URL: https://iptv.catvod.com/live.php?id=CCTV4%E4%B8%AD%E6%96%87%E5%9B%BD%E9%99%85, From: subscribe, IPv_Type: ipv6, Location: 美国, ISP: CloudFlare Inc., Date: None, Delay: 0.1 ms, Speed: inf M/s, Resolution: 1920x1080
Name: CCTV-4, URL: http://[2409:8087:8:21::18]:6610/otttv.bj.chinamobile.com/PLTV/88888888/224/3221226335/1.m3u8?, From: subscribe, IPv_Type: ipv6, Location: 中国, ISP: 中国移动, Date: None, Delay: 0.1 ms, Speed: inf M/s, Resolution: 1920x1080
Name: CCTV-4, URL: https://live.chinacert.cftest5.cn/mg/?id=631780421, From: subscribe, IPv_Type: ipv6, Location: 中国, ISP: 中国联通, Date: None, Delay: 0.1 ms, Speed: inf M/s, Resolution: 1920x1080
Name: CCTV-4, URL: https://migu.188766.xyz/?migutoken=1761a2383855b5b1171f95f9bbc5b15c&id=CCTV4&type=yy, From: subscribe, IPv_Type: ipv6, Location: 美国, ISP: CloudFlare Inc., Date: None, Delay: 0.1 ms, Speed: inf M/s, Resolution: 1920x1080
Name: CCTV-4, URL: https://migu.188766.xyz/?migutoken=c43f3dfaa25dabbb2dd92debea8f9155&id=CCTV4%E6%AC%A7%E6%B4%B2&type=yy, From: subscribe, IPv_Type: ipv6, Location: 美国, ISP: CloudFlare Inc., Date: None, Delay: 0.1 ms, Speed: inf M/s, Resolution: 1920x1080
Name: CCTV-4, URL: https://migu.188766.xyz/?migutoken=407ea96178af5ba09ad18191ba30b31a&id=CCTV4%E7%BE%8E%E6%B4%B2&type=yy, From: subscribe, IPv_Type: ipv6, Location: 美国, ISP: CloudFlare Inc., Date: None, Delay: 0.1 ms, Speed: inf M/s, Resolution: 1920x1080
Name: CCTV-4, URL: http://gslbmgsplive.miguvideo.com/wd_r2/cctv/cctv4hd/1500/index.m3u8?msisdn=202511150800543a9e1ebadaff49b488aadb32eb42b572&mdspid=&spid=699004&netType=0&sid=5500346947&pid=2028597139&timestamp=20251115080054&Channel_ID=0116_2600000900-99000-201600010010027&ProgramID=631780421&ParentNodeID=-99&assertID=5500346947&client_ip=106.13.250.89&SecurityKey=20251115080054&promotionId=&mvid=5101064235&mcid=500020&playurlVersion=WX-A1-8.10.1-RELEASE&userid=&jmhm=&videocodec=h264&bean=mgspad&tid=android&conFee=0&puData=a864cc344f7aa70cebc2bcd03435ee5d&ddCalcu=da58ee61e415c03c433404dfc7ba2ac7b0ec, From: subscribe, IPv_Type: ipv6, Location: 中国, ISP: 中国移动, Date: None, Delay: 0.1 ms, Speed: inf M/s, Resolution: 1920x1080
Name: CCTV-4, URL: https://iptv.catvod.com/live.php?id=CCTV4%E7%BE%8E%E6%B4%B2, From: subscribe, IPv_Type: ipv6, Location: 美国, ISP: CloudFlare Inc., Date: None, Delay: 0.1 ms, Speed: inf M/s, Resolution: 1920x1080
Name: CCTV-4, URL: https://migu.188766.xyz/?migutoken=a25945aaa30a62cce71cacc59c8a3e25&id=CCTV4&type=yy, From: subscribe, IPv_Type: ipv6, Location: 美国, ISP: CloudFlare Inc., Date: None, Delay: 0.1 ms, Speed: inf M/s, Resolution: 1920x1080
Name: CCTV-4, URL: https://migu.188766.xyz/?migutoken=5cf4e68703aa39d29fa46956436da5bd&id=CCTV4%E6%AC%A7%E6%B4%B2&type=yy, From: subscribe, IPv_Type: ipv6, Location: 美国, ISP: CloudFlare Inc., Date: None, Delay: 0.1 ms, Speed: inf M/s, Resolution: 1920x1080
Name: CCTV-4, URL: https://migu.188766.xyz/?migutoken=03c1817a1763015963d753a2828d0460&id=CCTV4%E7%BE%8E%E6%B4%B2&type=yy, From: subscribe, IPv_Type: ipv6, Location: 美国, ISP: CloudFlare Inc., Date: None, Delay: 0.1 ms, Speed: inf M/s, Resolution: 1920x1080
Name: CCTV-4, URL: http://gslbmgsplive.miguvideo.com/wd_r2/cctv/cctv4hd/1500/index.m3u8?msisdn=202511160800546528c7d1e2e7480eb96f984c9a0778c9&mdspid=&spid=699004&netType=0&sid=5500346947&pid=2028597139&timestamp=20251116080054&Channel_ID=0116_2600000900-99000-201600010010027&ProgramID=631780421&ParentNodeID=-99&assertID=5500346947&client_ip=106.13.250.83&SecurityKey=20251116080054&promotionId=&mvid=5101064235&mcid=500020&playurlVersion=WX-A1-8.10.1-RELEASE&userid=&jmhm=&videocodec=h264&bean=mgspad&tid=android&conFee=0&puData=bd861b5db9cfb91ca1f42ef44dc2966d&ddCalcu=db6de681961210cbd54d4bf9ec2f4bf911ac, From: subscribe, IPv_Type: ipv6, Location: 中国, ISP: 中国移动, Date: None, Delay: 0.1 ms, Speed: inf M/s, Resolution: 1920x1080
Name: CCTV-4, URL: https://live.chinacert.cftest5.cn/mg/?id=608807416, From: subscribe, IPv_Type: ipv6, Location: 中国, ISP: 中国联通, Date: None, Delay: 0.1 ms, Speed: inf M/s, Resolution: 1920x1080
Name: CCTV-4, URL: https://live.chinacert.cftest5.cn/mg/?id=608807419, From: subscribe, IPv_Type: ipv6, Location: 中国, ISP: 中国联通, Date: None, Delay: 0.1 ms, Speed: inf M/s, Resolution: 1920x1080
Name: CCTV-4, URL: https://migu.188766.xyz/?migutoken=48a04792947c96f9b3d9a59e54aef1e6&id=CCTV4&type=yy, From: subscribe, IPv_Type: ipv6, Location: 美国, ISP: CloudFlare Inc., Date: None, Delay: 0.1 ms, Speed: inf M/s, Resolution: 1920x1080
Name: CCTV-4, URL: https://migu.188766.xyz/?migutoken=72e2cf51f06b7548633187e83d3e84ce&id=CCTV4%E6%AC%A7%E6%B4%B2&type=yy, From: subscribe, IPv_Type: ipv6, Location: 美国, ISP: CloudFlare Inc., Date: None, Delay: 0.1 ms, Speed: inf M/s, Resolution: 1920x1080
Name: CCTV-4, URL: https://migu.188766.xyz/?migutoken=ff51484b8743b95c3096dcb45f81943f&id=CCTV4%E7%BE%8E%E6%B4%B2&type=yy, From: subscribe, IPv_Type: ipv6, Location: 美国, ISP: CloudFlare Inc., Date: None, Delay: 0.1 ms, Speed: inf M/s, Resolution: 1920x1080
Name: CCTV-4, URL: http://gslbmgsplive.miguvideo.com/wd_r2/cctv/cctv4hd/1500/index.m3u8?msisdn=20251117080052b8f0207215ad4e9e99e260080dea032d&mdspid=&spid=699004&netType=0&sid=5500346947&pid=2028597139&timestamp=20251117080052&Channel_ID=0116_2600000900-99000-201600010010027&ProgramID=631780421&ParentNodeID=-99&assertID=5500346947&client_ip=106.13.250.90&SecurityKey=20251117080052&promotionId=&mvid=5101064235&mcid=500020&playurlVersion=WX-A1-8.10.1-RELEASE&userid=&jmhm=&videocodec=h264&bean=mgspad&tid=android&conFee=0&puData=5de0dc7914ee43e85a22c218a09c8095&ddCalcu=559de0e1801cd09c07a981142ece2423ae58, From: subscribe, IPv_Type: ipv6, Location: 中国, ISP: 中国移动, Date: None, Delay: 0.1 ms, Speed: inf M/s, Resolution: 1920x1080
Name: CCTV-4, URL: https://migu.188766.xyz/?migutoken=be9c564ca461c77a9097cf510b2e8897&id=CCTV4&type=yy, From: subscribe, IPv_Type: ipv6, Location: 美国, ISP: CloudFlare Inc., Date: None, Delay: 0.1 ms, Speed: inf M/s, Resolution: 1920x1080
Name: CCTV-4, URL: https://migu.188766.xyz/?migutoken=f035a0bc677f69e640e73d6fa75c105e&id=CCTV4%E6%AC%A7%E6%B4%B2&type=yy, From: subscribe, IPv_Type: ipv6, Location: 美国, ISP: CloudFlare Inc., Date: None, Delay: 0.1 ms, Speed: inf M/s, Resolution: 1920x1080
Name: CCTV-4, URL: https://migu.188766.xyz/?migutoken=9317087f6bffb8c298970d8c4192fe71&id=CCTV4%E7%BE%8E%E6%B4%B2&type=yy, From: subscribe, IPv_Type: ipv6, Location: 美国, ISP: CloudFlare Inc., Date: None, Delay: 0.1 ms, Speed: inf M/s, Resolution: 1920x1080
Name: CCTV-4, URL: http://gslbmgsplive.miguvideo.com/wd_r2/cctv/cctv4hd/1500/index.m3u8?msisdn=2025111808004573c428dcb496452397d9fdbaee95dcd1&mdspid=&spid=699004&netType=0&sid=5500346947&pid=2028597139&timestamp=20251118080045&Channel_ID=0116_2600000900-99000-201600010010027&ProgramID=631780421&ParentNodeID=-99&assertID=5500346947&client_ip=106.13.250.90&SecurityKey=20251118080045&promotionId=&mvid=5101064235&mcid=500020&playurlVersion=WX-A1-8.10.1-RELEASE&userid=&jmhm=&videocodec=h264&bean=mgspad&tid=android&conFee=0&puData=05a44d905f59efd552a53fb8d917f683&ddCalcu=3085e6a1f417401d99d085bff5395eaf2d55, From: subscribe, IPv_Type: ipv6, Location: 中国, ISP: 中国移动, Date: None, Delay: 0.1 ms, Speed: inf M/s, Resolution: 1920x1080
Name: CCTV-4, URL: https://iptv.catvod.com/live.php?id=cctv4, From: subscribe, IPv_Type: ipv6, Location: 美国, ISP: CloudFlare Inc., Date: None, Delay: 0.1 ms, Speed: inf M/s, Resolution: 1920x1080
Name: CCTV-4, URL: https://migu.188766.xyz/?migutoken=f20f132c3195f97bbffed7ed8c3abdf9&id=CCTV4&type=yy, From: subscribe, IPv_Type: ipv6, Location: 美国, ISP: CloudFlare Inc., Date: None, Delay: 0.1 ms, Speed: inf M/s, Resolution: 1920x1080
Name: CCTV-4, URL: https://migu.188766.xyz/?migutoken=e8989211ed205358f19af2389a5c5c42&id=CCTV4%E6%AC%A7%E6%B4%B2&type=yy, From: subscribe, IPv_Type: ipv6, Location: 美国, ISP: CloudFlare Inc., Date: None, Delay: 0.1 ms, Speed: inf M/s, Resolution: 1920x1080
Name: CCTV-4, URL: https://migu.188766.xyz/?migutoken=14ddda53808a3ae4b41d79458d61b9aa&id=CCTV4%E7%BE%8E%E6%B4%B2&type=yy, From: subscribe, IPv_Type: ipv6, Location: 美国, ISP: CloudFlare Inc., Date: None, Delay: 0.1 ms, Speed: inf M/s, Resolution: 1920x1080
Name: CCTV-4, URL: http://gslbmgsplive.miguvideo.com/wd_r2/cctv/cctv4hd/1500/index.m3u8?msisdn=202511181600349ba883bdc4d94c299ade861c13b72042&mdspid=&spid=699004&netType=0&sid=5500346947&pid=2028597139&timestamp=20251118160034&Channel_ID=0116_2600000900-99000-201600010010027&ProgramID=631780421&ParentNodeID=-99&assertID=5500346947&client_ip=106.13.250.90&SecurityKey=20251118160034&promotionId=&mvid=5101064235&mcid=500020&playurlVersion=WX-A1-8.10.1-RELEASE&userid=&jmhm=&videocodec=h264&bean=mgspad&tid=android&conFee=0&puData=dca4a02d4198b4451ae15da35ebdf8c5&ddCalcu=5dcce8a1f41da0b0e25d34a1d9581be4a415, From: subscribe, IPv_Type: ipv6, Location: 中国, ISP: 中国移动, Date: None, Delay: 0.1 ms, Speed: inf M/s, Resolution: 1920x1080
Name: CCTV-4, URL: https://migu.188766.xyz/?migutoken=70e11883817f1f6d854620d5ecadb72c&id=CCTV4&type=yy, From: subscribe, IPv_Type: ipv6, Location: 美国, ISP: CloudFlare Inc., Date: None, Delay: 0.1 ms, Speed: inf M/s, Resolution: 1920x1080
Name: CCTV-4, URL: https://migu.188766.xyz/?migutoken=c0e22b9ed7f5bd283ea887e8ef84d3cd&id=CCTV4%E6%AC%A7%E6%B4%B2&type=yy, From: subscribe, IPv_Type: ipv6, Location: 美国, ISP: CloudFlare Inc., Date: None, Delay: 0.1 ms, Speed: inf M/s, Resolution: 1920x1080
Name: CCTV-4, URL: https://migu.188766.xyz/?migutoken=bc1cb1c870df5c0f81505ec2bdaac1c7&id=CCTV4%E7%BE%8E%E6%B4%B2&type=yy, From: subscribe, IPv_Type: ipv6, Location: 美国, ISP: CloudFlare Inc., Date: None, Delay: 0.1 ms, Speed: inf M/s, Resolution: 1920x1080
Name: CCTV-4, URL: http://gslbmgsplive.miguvideo.com/wd_r2/cctv/cctv4hd/1500/index.m3u8?msisdn=2025112008005725110540a81241c48aeafe03748cb591&mdspid=&spid=699004&netType=0&sid=5500346947&pid=2028597139&timestamp=20251120080057&Channel_ID=0116_2600000900-99000-201600010010027&ProgramID=631780421&ParentNodeID=-99&assertID=5500346947&client_ip=106.13.250.90&SecurityKey=20251120080057&promotionId=&mvid=5101064235&mcid=500020&playurlVersion=WX-A1-8.11.1-RELEASE&userid=&jmhm=&videocodec=h264&bean=mgspad&tid=android&conFee=0&puData=bb5e9c10a51e6f6b4a4560683b40332c&ddCalcu=cb2be3523e10904cb1308a65016e564fa64b, From: subscribe, IPv_Type: ipv6, Location: 中国, ISP: 中国移动, Date: None, Delay: 0.1 ms, Speed: inf M/s, Resolution: 1920x1080
Name: CCTV-4, URL: https://migu.188766.xyz/?migutoken=5159407f824a4a0c895656b93c04b3ae&id=CCTV4&type=yy, From: subscribe, IPv_Type: ipv6, Location: 美国, ISP: CloudFlare Inc., Date: None, Delay: 0.1 ms, Speed: inf M/s, Resolution: 1920x1080
Name: CCTV-4, URL: https://migu.188766.xyz/?migutoken=341aa6c84439adc5975b6e6a70640bac&id=CCTV4%E6%AC%A7%E6%B4%B2&type=yy, From: subscribe, IPv_Type: ipv6, Location: 美国, ISP: CloudFlare Inc., Date: None, Delay: 0.1 ms, Speed: inf M/s, Resolution: 1920x1080
Name: CCTV-4, URL: https://migu.188766.xyz/?migutoken=d543145df18dc401c6fe7e4782d51860&id=CCTV4%E7%BE%8E%E6%B4%B2&type=yy, From: subscribe, IPv_Type: ipv6, Location: 美国, ISP: CloudFlare Inc., Date: None, Delay: 0.1 ms, Speed: inf M/s, Resolution: 1920x1080
Name: CCTV-4, URL: http://gslbmgsplive.miguvideo.com/wd_r2/cctv/cctv4hd/1500/index.m3u8?msisdn=202511210600351230dcde24914f4792532a43b7edff35&mdspid=&spid=699004&netType=0&sid=5500346947&pid=2028597139&timestamp=20251121060035&Channel_ID=0116_2600000900-99000-201600010010027&ProgramID=631780421&ParentNodeID=-99&assertID=5500346947&client_ip=106.13.250.90&SecurityKey=20251121060035&promotionId=&mvid=5101064235&mcid=500020&playurlVersion=WX-A1-8.11.1-RELEASE&userid=&jmhm=&videocodec=h264&bean=mgspad&tid=android&conFee=0&puData=b74f77295e205b2a8ede2e6ff3e69fde&ddCalcu=ebd7ef429f1670e732f9f56ee220e5dbe28a, From: subscribe, IPv_Type: ipv6, Location: 中国, ISP: 中国移动, Date: None, Delay: 0.1 ms, Speed: inf M/s, Resolution: 1920x1080
Name: CCTV-4, URL: https://migu.188766.xyz/?migutoken=6cdd66a3ef61a3091aa07e71d7121ff3&id=CCTV4&type=yy, From: subscribe, IPv_Type: ipv6, Location: 美国, ISP: CloudFlare Inc., Date: None, Delay: 0.1 ms, Speed: inf M/s, Resolution: 1920x1080
Name: CCTV-4, URL: https://migu.188766.xyz/?migutoken=0f005883daa40c283aaeb64656477d28&id=CCTV4%E6%AC%A7%E6%B4%B2&type=yy, From: subscribe, IPv_Type: ipv6, Location: 美国, ISP: CloudFlare Inc., Date: None, Delay: 0.1 ms, Speed: inf M/s, Resolution: 1920x1080
Name: CCTV-4, URL: https://migu.188766.xyz/?migutoken=dea7dfca5bfb43dd8db7b3a3e97f615f&id=CCTV4%E7%BE%8E%E6%B4%B2&type=yy, From: subscribe, IPv_Type: ipv6, Location: 美国, ISP: CloudFlare Inc., Date: None, Delay: 0.1 ms, Speed: inf M/s, Resolution: 1920x1080
Name: CCTV-4, URL: http://gslbmgsplive.miguvideo.com/wd_r2/cctv/cctv4hd/1500/index.m3u8?msisdn=2025112206003365f1f8ef108c4079af3938bf76760dad&mdspid=&spid=699004&netType=0&sid=5500346947&pid=2028597139&timestamp=20251122060033&Channel_ID=0116_2600000900-99000-201600010010027&ProgramID=631780421&ParentNodeID=-99&assertID=5500346947&client_ip=106.13.250.90&SecurityKey=20251122060033&promotionId=&mvid=5101064235&mcid=500020&playurlVersion=WX-A1-8.11.1-RELEASE&userid=&jmhm=&videocodec=h264&bean=mgspad&tid=android&conFee=0&puData=689dd4e1eeecbeb5f1c9453603e5b3f5&ddCalcu=56f8e392bd15d0e43e016e3e5e4c9bce1bf5, From: subscribe, IPv_Type: ipv6, Location: 中国, ISP: 中国移动, Date: None, Delay: 0.1 ms, Speed: inf M/s, Resolution: 1920x1080
Name: CCTV-4, URL: https://migu.188766.xyz/?migutoken=b05c5ddb75a5b614963f3a4c4b091629&id=CCTV4&type=yy, From: subscribe, IPv_Type: ipv6, Location: 美国, ISP: CloudFlare Inc., Date: None, Delay: 0.1 ms, Speed: inf M/s, Resolution: 1920x1080
Name: CCTV-4, URL: https://migu.188766.xyz/?migutoken=cb6a5f98f83417490fa6eabba3e7bbe9&id=CCTV4%E6%AC%A7%E6%B4%B2&type=yy, From: subscribe, IPv_Type: ipv6, Location: 美国, ISP: CloudFlare Inc., Date: None, Delay: 0.1 ms, Speed: inf M/s, Resolution: 1920x1080
Name: CCTV-4, URL: https://migu.188766.xyz/?migutoken=5c5dcc1ab45627e01d9048b3b6707c35&id=CCTV4%E7%BE%8E%E6%B4%B2&type=yy, From: subscribe, IPv_Type: ipv6, Location: 美国, ISP: CloudFlare Inc., Date: None, Delay: 0.1 ms, Speed: inf M/s, Resolution: 1920x1080
Name: CCTV-4, URL: http://gslbmgsplive.miguvideo.com/wd_r2/cctv/cctv4hd/1500/index.m3u8?msisdn=20251123060031aacae71d26464a689ae318fb7342771a&mdspid=&spid=699004&netType=0&sid=5500346947&pid=2028597139&timestamp=20251123060031&Channel_ID=0116_2600000900-99000-201600010010027&ProgramID=631780421&ParentNodeID=-99&assertID=5500346947&client_ip=106.13.250.89&SecurityKey=20251123060031&promotionId=&mvid=5101064235&mcid=500020&playurlVersion=WX-A1-8.11.1-RELEASE&userid=&jmhm=&videocodec=h264&bean=mgspad&tid=android&conFee=0&puData=755155b28f17166ccec85863dd444145&ddCalcu=5745e15241145045dbd2386f815781c6e6cc, From: subscribe, IPv_Type: ipv6, Location: 中国, ISP: 中国移动, Date: None, Delay: 0.1 ms, Speed: inf M/s, Resolution: 1920x1080
Name: CCTV-4, URL: https://migu.188766.xyz/?migutoken=ed11eec74d9e9f78c44a7426b5c38088&id=CCTV4&type=yy, From: subscribe, IPv_Type: ipv6, Location: 美国, ISP: CloudFlare Inc., Date: None, Delay: 0.1 ms, Speed: inf M/s, Resolution: 1920x1080
Name: CCTV-4, URL: https://migu.188766.xyz/?migutoken=350a470bf8f6144619b6c6d6daf09452&id=CCTV4%E6%AC%A7%E6%B4%B2&type=yy, From: subscribe, IPv_Type: ipv6, Location: 美国, ISP: CloudFlare Inc., Date: None, Delay: 0.1 ms, Speed: inf M/s, Resolution: 1920x1080
Name: CCTV-4, URL: https://migu.188766.xyz/?migutoken=660aa8cfba55f2b4ecc99502d3194793&id=CCTV4%E7%BE%8E%E6%B4%B2&type=yy, From: subscribe, IPv_Type: ipv6, Location: 美国, ISP: CloudFlare Inc., Date: None, Delay: 0.1 ms, Speed: inf M/s, Resolution: 1920x1080
Name: CCTV-4, URL: https://iptv.catvod.com/live.php?id=CCTV4, From: subscribe, IPv_Type: ipv6, Location: 美国, ISP: CloudFlare Inc., Date: None, Delay: 0.1 ms, Speed: inf M/s, Resolution: 1920x1080
Name: CCTV-4, URL: http://gslbmgsplive.miguvideo.com/wd_r2/cctv/cctv4hd/1500/index.m3u8?msisdn=20251124060032e6bd75d6b2084841a4d0ee727e393b88&mdspid=&spid=699004&netType=0&sid=5500346947&pid=2028597139&timestamp=20251124060032&Channel_ID=0116_2600000900-99000-201600010010027&ProgramID=631780421&ParentNodeID=-99&assertID=5500346947&client_ip=106.13.250.90&SecurityKey=20251124060032&promotionId=&mvid=5101064235&mcid=500020&playurlVersion=WX-A1-8.11.1-RELEASE&userid=&jmhm=&videocodec=h264&bean=mgspad&tid=android&conFee=0&puData=6bf21efaeac41837a8e087a31278c9ee&ddCalcu=e6ebe9f2c218107e2f1a3eaa7c8401e883a7, From: subscribe, IPv_Type: ipv6, Location: 中国, ISP: 中国移动, Date: None, Delay: 0.1 ms, Speed: inf M/s, Resolution: 1920x1080
Name: CCTV-4, URL: https://migu.188766.xyz/?migutoken=570256b5e3cc4ca3538e23efd040b8e7&id=CCTV4&type=yy, From: subscribe, IPv_Type: ipv6, Location: 美国, ISP: CloudFlare Inc., Date: None, Delay: 0.1 ms, Speed: inf M/s, Resolution: 1920x1080
Name: CCTV-4, URL: https://migu.188766.xyz/?migutoken=603766c973fd1d0dd75fb55f59346540&id=CCTV4%E6%AC%A7%E6%B4%B2&type=yy, From: subscribe, IPv_Type: ipv6, Location: 美国, ISP: CloudFlare Inc., Date: None, Delay: 0.1 ms, Speed: inf M/s, Resolution: 1920x1080
Name: CCTV-4, URL: https://migu.188766.xyz/?migutoken=579626f08b39a79a397eeca6f26247f2&id=CCTV4%E7%BE%8E%E6%B4%B2&type=yy, From: subscribe, IPv_Type: ipv6, Location: 美国, ISP: CloudFlare Inc., Date: None, Delay: 0.1 ms, Speed: inf M/s, Resolution: 1920x1080
Name: CCTV-4, URL: https://iptv.catvod.com/live.php?id=CCTV-4%20%E4%B8%AD%E6%96%87%E5%9B%BD%E9%99%85, From: subscribe, IPv_Type: ipv6, Location: 美国, ISP: CloudFlare Inc., Date: None, Delay: 0.1 ms, Speed: inf M/s, Resolution: 1920x1080
Name: CCTV-4, URL: https://iptv.catvod.com/live.php?id=CCTV-4%20%E4%B8%AD%E6%96%87%E5%9B%BD%E9%99%85%20%E6%AC%A7%E6%B4%B2, From: subscribe, IPv_Type: ipv6, Location: 美国, ISP: CloudFlare Inc., Date: None, Delay: 0.1 ms, Speed: inf M/s, Resolution: 1920x1080
Name: CCTV-4, URL: https://iptv.catvod.com/live.php?id=CCTV-4%20%E4%B8%AD%E6%96%87%E5%9B%BD%E9%99%85%20%E7%BE%8E%E6%B4%B2, From: subscribe, IPv_Type: ipv6, Location: 美国, ISP: CloudFlare Inc., Date: None, Delay: 0.1 ms, Speed: inf M/s, Resolution: 1920x1080
Name: CCTV-4, URL: https://migu.188766.xyz/?migutoken=83b836bccf388d4093c8f37ac547af7f&id=CCTV4&type=yy, From: subscribe, IPv_Type: ipv6, Location: 美国, ISP: CloudFlare Inc., Date: None, Delay: 0.1 ms, Speed: inf M/s, Resolution: 1920x1080
Name: CCTV-4, URL: https://migu.188766.xyz/?migutoken=81812023dfdec938eec55e450e44d293&id=CCTV4%E6%AC%A7%E6%B4%B2&type=yy, From: subscribe, IPv_Type: ipv6, Location: 美国, ISP: CloudFlare Inc., Date: None, Delay: 0.1 ms, Speed: inf M/s, Resolution: 1920x1080
Name: CCTV-4, URL: https://migu.188766.xyz/?migutoken=670ec414253856cda208acbb6e86cf79&id=CCTV4%E7%BE%8E%E6%B4%B2&type=yy, From: subscribe, IPv_Type: ipv6, Location: 美国, ISP: CloudFlare Inc., Date: None, Delay: 0.1 ms, Speed: inf M/s, Resolution: 1920x1080
Name: CCTV-4, URL: https://migu.188766.xyz/?migutoken=dcbcbc9d46d551ea82f88918ca0db98f&id=CCTV4&type=yy, From: subscribe, IPv_Type: ipv6, Location: 美国, ISP: CloudFlare Inc., Date: None, Delay: 0.1 ms, Speed: inf M/s, Resolution: 1920x1080
Name: CCTV-4, URL: https://migu.188766.xyz/?migutoken=d17cc8dc0acea7fc98d9c8e29b6b401e&id=CCTV4%E6%AC%A7%E6%B4%B2&type=yy, From: subscribe, IPv_Type: ipv6, Location: 美国, ISP: CloudFlare Inc., Date: None, Delay: 0.1 ms, Speed: inf M/s, Resolution: 1920x1080
Name: CCTV-4, URL: https://migu.188766.xyz/?migutoken=afcd813bb8419ed228a1c94b11ff6fa3&id=CCTV4%E7%BE%8E%E6%B4%B2&type=yy, From: subscribe, IPv_Type: ipv6, Location: 美国, ISP: CloudFlare Inc., Date: None, Delay: 0.1 ms, Speed: inf M/s, Resolution: 1920x1080
Name: CCTV-4, URL: https://migu.188766.xyz/?migutoken=d70ab962527e2a698e2e6caf815195f2&id=CCTV4&type=yy, From: subscribe, IPv_Type: ipv6, Location: 美国, ISP: CloudFlare Inc., Date: None, Delay: 0.1 ms, Speed: inf M/s, Resolution: 1920x1080
Name: CCTV-4, URL: https://migu.188766.xyz/?migutoken=36ef4b64b3e0b3a31d8581002f3f638d&id=CCTV4%E6%AC%A7%E6%B4%B2&type=yy, From: subscribe, IPv_Type: ipv6, Location: 美国, ISP: CloudFlare Inc., Date: None, Delay: 0.1 ms, Speed: inf M/s, Resolution: 1920x1080
Name: CCTV-4, URL: https://migu.188766.xyz/?migutoken=71d6a34ca4229e4bf09def78d0ff3bf4&id=CCTV4%E7%BE%8E%E6%B4%B2&type=yy, From: subscribe, IPv_Type: ipv6, Location: 美国, ISP: CloudFlare Inc., Date: None, Delay: 0.1 ms, Speed: inf M/s, Resolution: 1920x1080
Name: CCTV-4, URL: https://migu.188766.xyz/?migutoken=a0bdcb0f73deeda4b9c77d7da2cbe0fc&id=CCTV4&type=yy, From: subscribe, IPv_Type: ipv6, Location: 美国, ISP: CloudFlare Inc., Date: None, Delay: 0.1 ms, Speed: inf M/s, Resolution: 1920x1080
Name: CCTV-4, URL: https://migu.188766.xyz/?migutoken=ef7061cbdd3fafd38e7edaa9664f8a7e&id=CCTV4%E6%AC%A7%E6%B4%B2&type=yy, From: subscribe, IPv_Type: ipv6, Location: 美国, ISP: CloudFlare Inc., Date: None, Delay: 0.1 ms, Speed: inf M/s, Resolution: 1920x1080
Name: CCTV-4, URL: https://migu.188766.xyz/?migutoken=c1f237ac1238c44c4609a2bf5bfab79f&id=CCTV4%E7%BE%8E%E6%B4%B2&type=yy, From: subscribe, IPv_Type: ipv6, Location: 美国, ISP: CloudFlare Inc., Date: None, Delay: 0.1 ms, Speed: inf M/s, Resolution: 1920x1080
Name: CCTV-4, URL: https://migu.188766.xyz/?migutoken=303731a9816aa58b5df7c98b2604690c&id=CCTV4&type=yy, From: subscribe, IPv_Type: ipv6, Location: 美国, ISP: CloudFlare Inc., Date: None, Delay: 0.1 ms, Speed: inf M/s, Resolution: 1920x1080
Name: CCTV-4, URL: https://migu.188766.xyz/?migutoken=ed823365bd2cdd798ee4a8840035eade&id=CCTV4%E6%AC%A7%E6%B4%B2&type=yy, From: subscribe, IPv_Type: ipv6, Location: 美国, ISP: CloudFlare Inc., Date: None, Delay: 0.1 ms, Speed: inf M/s, Resolution: 1920x1080
Name: CCTV-4, URL: https://migu.188766.xyz/?migutoken=aeb1d22e6e9fab491978b686f650398b&id=CCTV4%E7%BE%8E%E6%B4%B2&type=yy, From: subscribe, IPv_Type: ipv6, Location: 美国, ISP: CloudFlare Inc., Date: None, Delay: 0.1 ms, Speed: inf M/s, Resolution: 1920x1080
Name: CCTV-4, URL: https://migu.188766.xyz/?migutoken=cc8e7a7f22807c3da6ef053c2d1e0f43&id=CCTV4&type=yy, From: subscribe, IPv_Type: ipv6, Location: 美国, ISP: CloudFlare Inc., Date: None, Delay: 0.1 ms, Speed: inf M/s, Resolution: 1920x1080
Name: CCTV-4, URL: https://migu.188766.xyz/?migutoken=1aee1413ae54406f20e46e251446faf0&id=CCTV4%E6%AC%A7%E6%B4%B2&type=yy, From: subscribe, IPv_Type: ipv6, Location: 美国, ISP: CloudFlare Inc., Date: None, Delay: 0.1 ms, Speed: inf M/s, Resolution: 1920x1080
Name: CCTV-4, URL: https://migu.188766.xyz/?migutoken=64a2786fe644515d53ba13e4af3fe406&id=CCTV4%E7%BE%8E%E6%B4%B2&type=yy, From: subscribe, IPv_Type: ipv6, Location: 美国, ISP: CloudFlare Inc., Date: None, Delay: 0.1 ms, Speed: inf M/s, Resolution: 1920x1080
Name: CCTV-4, URL: https://migu.188766.xyz/?migutoken=bcf1554d71518c409382ec6e38592bfa&id=CCTV4&type=yy, From: subscribe, IPv_Type: ipv6, Location: 美国, ISP: CloudFlare Inc., Date: None, Delay: 0.1 ms, Speed: inf M/s, Resolution: 1920x1080
Name: CCTV-4, URL: https://migu.188766.xyz/?migutoken=f9fd67d07db25d383ba679ddd262d111&id=CCTV4%E6%AC%A7%E6%B4%B2&type=yy, From: subscribe, IPv_Type: ipv6, Location: 美国, ISP: CloudFlare Inc., Date: None, Delay: 0.1 ms, Speed: inf M/s, Resolution: 1920x1080
Name: CCTV-4, URL: https://migu.188766.xyz/?migutoken=38aafa3d793b993851f82db562b7a6af&id=CCTV4%E7%BE%8E%E6%B4%B2&type=yy, From: subscribe, IPv_Type: ipv6, Location: 美国, ISP: CloudFlare Inc., Date: None, Delay: 0.1 ms, Speed: inf M/s, Resolution: 1920x1080
Name: CCTV-4, URL: https://migu.188766.xyz/?migutoken=5c2233001efd4160e33812a60c39388f&id=CCTV4&type=yy, From: subscribe, IPv_Type: ipv6, Location: 美国, ISP: CloudFlare Inc., Date: None, Delay: 0.1 ms, Speed: inf M/s, Resolution: 1920x1080
Name: CCTV-4, URL: https://migu.188766.xyz/?migutoken=65cd00a60e4e9f183056d2b784fb8522&id=CCTV4%E6%AC%A7%E6%B4%B2&type=yy, From: subscribe, IPv_Type: ipv6, Location: 美国, ISP: CloudFlare Inc., Date: None, Delay: 0.1 ms, Speed: inf M/s, Resolution: 1920x1080
Name: CCTV-4, URL: https://migu.188766.xyz/?migutoken=ce90b35e240745c0fce1d4024a27985a&id=CCTV4%E7%BE%8E%E6%B4%B2&type=yy, From: subscribe, IPv_Type: ipv6, Location: 美国, ISP: CloudFlare Inc., Date: None, Delay: 0.1 ms, Speed: inf M/s, Resolution: 1920x1080
Name: CCTV-4, URL: https://migu.188766.xyz/?migutoken=3e278212b1ffb5a7d794e2c757717853&id=CCTV4&type=yy, From: subscribe, IPv_Type: ipv6, Location: 美国, ISP: CloudFlare Inc., Date: None, Delay: 0.1 ms, Speed: inf M/s, Resolution: 1920x1080
Name: CCTV-4, URL: https://migu.188766.xyz/?migutoken=4182000cff6bd2e56e88d5b8c7ad5a80&id=CCTV4%E6%AC%A7%E6%B4%B2&type=yy, From: subscribe, IPv_Type: ipv6, Location: 美国, ISP: CloudFlare Inc., Date: None, Delay: 0.1 ms, Speed: inf M/s, Resolution: 1920x1080
Name: CCTV-4, URL: https://migu.188766.xyz/?migutoken=422e3817de3023049230c19238fbf1ae&id=CCTV4%E7%BE%8E%E6%B4%B2&type=yy, From: subscribe, IPv_Type: ipv6, Location: 美国, ISP: CloudFlare Inc., Date: None, Delay: 0.1 ms, Speed: inf M/s, Resolution: 1920x1080
Name: CCTV-4, URL: https://migu.188766.xyz/?migutoken=3816fbc3547b0eb4f755925de2bcd720&id=CCTV4&type=yy, From: subscribe, IPv_Type: ipv6, Location: 美国, ISP: CloudFlare Inc., Date: None, Delay: 0.1 ms, Speed: inf M/s, Resolution: 1920x1080
Name: CCTV-4, URL: https://migu.188766.xyz/?migutoken=79ea7698101938ce5753bf8bfaab8329&id=CCTV4%E6%AC%A7%E6%B4%B2&type=yy, From: subscribe, IPv_Type: ipv6, Location: 美国, ISP: CloudFlare Inc., Date: None, Delay: 0.1 ms, Speed: inf M/s, Resolution: 1920x1080
Name: CCTV-4, URL: https://migu.188766.xyz/?migutoken=96acb8d444220563558287eb771f9bee&id=CCTV4%E7%BE%8E%E6%B4%B2&type=yy, From: subscribe, IPv_Type: ipv6, Location: 美国, ISP: CloudFlare Inc., Date: None, Delay: 0.1 ms, Speed: inf M/s, Resolution: 1920x1080
Name: CCTV-4, URL: https://migu.188766.xyz/?migutoken=471ac8b3b40c02e2d7190958ff8a30c8&id=CCTV4&type=yy, From: subscribe, IPv_Type: ipv6, Location: 美国, ISP: CloudFlare Inc., Date: None, Delay: 0.1 ms, Speed: inf M/s, Resolution: 1920x1080
Name: CCTV-4, URL: https://migu.188766.xyz/?migutoken=4c402087adca201c17bad99b0d84c79c&id=CCTV4%E6%AC%A7%E6%B4%B2&type=yy, From: subscribe, IPv_Type: ipv6, Location: 美国, ISP: CloudFlare Inc., Date: None, Delay: 0.1 ms, Speed: inf M/s, Resolution: 1920x1080
Name: CCTV-4, URL: https://migu.188766.xyz/?migutoken=398f530860599d29a239b938704d6a7d&id=CCTV4%E7%BE%8E%E6%B4%B2&type=yy, From: subscribe, IPv_Type: ipv6, Location: 美国, ISP: CloudFlare Inc., Date: None, Delay: 0.1 ms, Speed: inf M/s, Resolution: 1920x1080
Name: CCTV-4, URL: https://migu.188766.xyz/?migutoken=de896fed586a70ec4cefae279cb13faf&id=CCTV4&type=yy, From: subscribe, IPv_Type: ipv6, Location: 美国, ISP: CloudFlare Inc., Date: None, Delay: 0.1 ms, Speed: inf M/s, Resolution: 1920x1080
Name: CCTV-4, URL: https://migu.188766.xyz/?migutoken=f2fa66dda1580b8f1cb9a56e427850ea&id=CCTV4%E6%AC%A7%E6%B4%B2&type=yy, From: subscribe, IPv_Type: ipv6, Location: 美国, ISP: CloudFlare Inc., Date: None, Delay: 0.1 ms, Speed: inf M/s, Resolution: 1920x1080
Name: CCTV-4, URL: https://migu.188766.xyz/?migutoken=a2f3aec6719d473813c8472fa1f8ba84&id=CCTV4%E7%BE%8E%E6%B4%B2&type=yy, From: subscribe, IPv_Type: ipv6, Location: 美国, ISP: CloudFlare Inc., Date: None, Delay: 0.1 ms, Speed: inf M/s, Resolution: 1920x1080
Name: CCTV-4, URL: https://migu.188766.xyz/?migutoken=dbe679ad2c07f1fc691323920ca09b86&id=CCTV4&type=yy, From: subscribe, IPv_Type: ipv6, Location: 美国, ISP: CloudFlare Inc., Date: None, Delay: 0.1 ms, Speed: inf M/s, Resolution: 1920x1080
Name: CCTV-4, URL: https://migu.188766.xyz/?migutoken=4e39116a9d7a869aad35bd837cf310e1&id=CCTV4%E6%AC%A7%E6%B4%B2&type=yy, From: subscribe, IPv_Type: ipv6, Location: 美国, ISP: CloudFlare Inc., Date: None, Delay: 0.1 ms, Speed: inf M/s, Resolution: 1920x1080
Name: CCTV-4, URL: https://migu.188766.xyz/?migutoken=34efd621ccb70daed9e36612a5242df4&id=CCTV4%E7%BE%8E%E6%B4%B2&type=yy, From: subscribe, IPv_Type: ipv6, Location: 美国, ISP: CloudFlare Inc., Date: None, Delay: 0.1 ms, Speed: inf M/s, Resolution: 1920x1080
Name: CCTV-4, URL: https://migu.188766.xyz/?migutoken=dab486dc6b917e443ac3740d3d4587d1&id=CCTV4&type=yy, From: subscribe, IPv_Type: ipv6, Location: 美国, ISP: CloudFlare Inc., Date: None, Delay: 0.1 ms, Speed: inf M/s, Resolution: 1920x1080
Name: CCTV-4, URL: https://migu.188766.xyz/?migutoken=25f5a92e4bb0c45050b126e52663a745&id=CCTV4%E6%AC%A7%E6%B4%B2&type=yy, From: subscribe, IPv_Type: ipv6, Location: 美国, ISP: CloudFlare Inc., Date: None, Delay: 0.1 ms, Speed: inf M/s, Resolution: 1920x1080
Name: CCTV-4, URL: https://migu.188766.xyz/?migutoken=0897ca4c639666fb44d0cda511ff0a0f&id=CCTV4%E7%BE%8E%E6%B4%B2&type=yy, From: subscribe, IPv_Type: ipv6, Location: 美国, ISP: CloudFlare Inc., Date: None, Delay: 0.1 ms, Speed: inf M/s, Resolution: 1920x1080
Name: CCTV-4, URL: https://migu.188766.xyz/?migutoken=e23116fd511ce86859d159f0bbd915b4&id=CCTV4&type=yy, From: subscribe, IPv_Type: ipv6, Location: 美国, ISP: CloudFlare Inc., Date: None, Delay: 0.1 ms, Speed: inf M/s, Resolution: 1920x1080
Name: CCTV-4, URL: https://migu.188766.xyz/?migutoken=d02c2292ece4ef3f141a20c7900f1346&id=CCTV4%E6%AC%A7%E6%B4%B2&type=yy, From: subscribe, IPv_Type: ipv6, Location: 美国, ISP: CloudFlare Inc., Date: None, Delay: 0.1 ms, Speed: inf M/s, Resolution: 1920x1080
Name: CCTV-4, URL: https://migu.188766.xyz/?migutoken=1d46cbf78b7fc937364a2b0d00d444eb&id=CCTV4%E7%BE%8E%E6%B4%B2&type=yy, From: subscribe, IPv_Type: ipv6, Location: 美国, ISP: CloudFlare Inc., Date: None, Delay: 0.1 ms, Speed: inf M/s, Resolution: 1920x1080
Name: CCTV-4, URL: https://iptv.catvod.com/live.php?id=CCTV-4, From: subscribe, IPv_Type: ipv6, Location: 美国, ISP: CloudFlare Inc., Date: None, Delay: 0.1 ms, Speed: inf M/s, Resolution: 1920x1080
Name: CCTV-4, URL: https://migu.188766.xyz/?migutoken=fd064008722f75d99dabbd56d2cd69ab&id=CCTV4&type=yy, From: subscribe, IPv_Type: ipv6, Location: 美国, ISP: CloudFlare Inc., Date: None, Delay: 0.1 ms, Speed: inf M/s, Resolution: 1920x1080
Name: CCTV-4, URL: https://migu.188766.xyz/?migutoken=1a63b830b6ced25ed8ad0448b4118219&id=CCTV4%E6%AC%A7%E6%B4%B2&type=yy, From: subscribe, IPv_Type: ipv6, Location: 美国, ISP: CloudFlare Inc., Date: None, Delay: 0.1 ms, Speed: inf M/s, Resolution: 1920x1080
Name: CCTV-4, URL: https://migu.188766.xyz/?migutoken=ee8ffd4c8bff8f93d70c456670a738f6&id=CCTV4%E7%BE%8E%E6%B4%B2&type=yy, From: subscribe, IPv_Type: ipv6, Location: 美国, ISP: CloudFlare Inc., Date: None, Delay: 0.1 ms, Speed: inf M/s, Resolution: 1920x1080
Name: CCTV-4, URL: https://migu.188766.xyz/?migutoken=80f18b44b8f835e96fabe814dceac931&id=CCTV4&type=yy, From: subscribe, IPv_Type: ipv6, Location: 美国, ISP: CloudFlare Inc., Date: None, Delay: 0.1 ms, Speed: inf M/s, Resolution: 1920x1080
Name: CCTV-4, URL: https://migu.188766.xyz/?migutoken=203eee68d18cb527cf6f2e3b881fa845&id=CCTV4%E6%AC%A7%E6%B4%B2&type=yy, From: subscribe, IPv_Type: ipv6, Location: 美国, ISP: CloudFlare Inc., Date: None, Delay: 0.1 ms, Speed: inf M/s, Resolution: 1920x1080
Name: CCTV-4, URL: https://migu.188766.xyz/?migutoken=ab47e30a07fad0e39184fced9f2ae5fc&id=CCTV4%E7%BE%8E%E6%B4%B2&type=yy, From: subscribe, IPv_Type: ipv6, Location: 美国, ISP: CloudFlare Inc., Date: None, Delay: 0.1 ms, Speed: inf M/s, Resolution: 1920x1080
Name: CCTV-4, URL: http://gslbmgsplive.miguvideo.com/wd_r2/cctv/cctv4hd/600/index.m3u8?msisdn=202512120802071050854c19104a48a90784ded4cfe60a&mdspid=&spid=699004&netType=0&sid=5500346947&pid=2028597139&timestamp=20251212080207&Channel_ID=0116_2600037000-99000-200300220100002&ProgramID=631780421&ParentNodeID=-99&assertID=5500346947&client_ip=218.28.233.106&SecurityKey=20251212080207&promotionId=&mvid=5101064235&mcid=500020&playurlVersion=ZQ-A1-8.12.1-RELEASE&userid=&jmhm=&videocodec=h264&appCode=miguvideo_android&bean=mgspad&tid=android&conFee=0&puData=6cb111e31d81efa1071ebd8de4857830&ddCalcu=063cv8ba71y51a814ee3d18dd8b1ee1f7a01&sv=10004&ct=android, From: subscribe, IPv_Type: ipv6, Location: 中国, ISP: 中国移动, Date: None, Delay: 0.1 ms, Speed: inf M/s, Resolution: 1920x1080
Name: CCTV-4, URL: https://dash2.antik.sk/live/test_cctv_tizen/playlist.m3u8, From: subscribe, IPv_Type: ipv6, Location: 斯洛伐克, ISP: , Date: None, Delay: 0.1 ms, Speed: inf M/s, Resolution: 1920x1080
Name: CCTV-4, URL: https://migu.188766.xyz/?migutoken=178c143a5e206f466e58de2f6698eb1c&id=CCTV4&type=yy, From: subscribe, IPv_Type: ipv6, Location: 美国, ISP: CloudFlare Inc., Date: None, Delay: 0.1 ms, Speed: inf M/s, Resolution: 1920x1080
Name: CCTV-4, URL: https://migu.188766.xyz/?migutoken=da4e05745949e7d2e73f9edd0407a356&id=CCTV4%E6%AC%A7%E6%B4%B2&type=yy, From: subscribe, IPv_Type: ipv6, Location: 美国, ISP: CloudFlare Inc., Date: None, Delay: 0.1 ms, Speed: inf M/s, Resolution: 1920x1080
Name: CCTV-4, URL: https://migu.188766.xyz/?migutoken=051f502097a0a3f2b19a79ab93696c86&id=CCTV4%E7%BE%8E%E6%B4%B2&type=yy, From: subscribe, IPv_Type: ipv6, Location: 美国, ISP: CloudFlare Inc., Date: None, Delay: 0.1 ms, Speed: inf M/s, Resolution: 1920x1080
Name: CCTV-4, URL: https://migu.188766.xyz/?migutoken=1285df0e0a705ebd8094756c013ccd87&id=CCTV4&type=yy, From: subscribe, IPv_Type: ipv6, Location: 美国, ISP: CloudFlare Inc., Date: None, Delay: 0.1 ms, Speed: inf M/s, Resolution: 1920x1080
Name: CCTV-4, URL: https://migu.188766.xyz/?migutoken=c04d9eb443df21cc996ea6058cf66f43&id=CCTV4%E6%AC%A7%E6%B4%B2&type=yy, From: subscribe, IPv_Type: ipv6, Location: 美国, ISP: CloudFlare Inc., Date: None, Delay: 0.1 ms, Speed: inf M/s, Resolution: 1920x1080
Name: CCTV-4, URL: https://migu.188766.xyz/?migutoken=41d4d687c3ac0429a1ac06177d0a48e3&id=CCTV4%E7%BE%8E%E6%B4%B2&type=yy, From: subscribe, IPv_Type: ipv6, Location: 美国, ISP: CloudFlare Inc., Date: None, Delay: 0.1 ms, Speed: inf M/s, Resolution: 1920x1080
Name: CCTV-4, URL: https://migu.188766.xyz/?migutoken=87718f7e6146f2b5e528b36290726232&id=CCTV4&type=yy, From: subscribe, IPv_Type: ipv6, Location: 美国, ISP: CloudFlare Inc., Date: None, Delay: 0.1 ms, Speed: inf M/s, Resolution: 1920x1080
Name: CCTV-4, URL: https://migu.188766.xyz/?migutoken=e278507798b91001652d9753730806c4&id=CCTV4%E6%AC%A7%E6%B4%B2&type=yy, From: subscribe, IPv_Type: ipv6, Location: 美国, ISP: CloudFlare Inc., Date: None, Delay: 0.1 ms, Speed: inf M/s, Resolution: 1920x1080
Name: CCTV-4, URL: https://migu.188766.xyz/?migutoken=e868f8ff515f75cfe6dd528ecf6d7de4&id=CCTV4%E7%BE%8E%E6%B4%B2&type=yy, From: subscribe, IPv_Type: ipv6, Location: 美国, ISP: CloudFlare Inc., Date: None, Delay: 0.1 ms, Speed: inf M/s, Resolution: 1920x1080
Name: CCTV-4, URL: https://migu.188766.xyz/?migutoken=b3f87c804b488a4dbabc1b1b4d55d59b&id=CCTV4&type=yy, From: subscribe, IPv_Type: ipv6, Location: 美国, ISP: CloudFlare Inc., Date: None, Delay: 0.1 ms, Speed: inf M/s, Resolution: 1920x1080
Name: CCTV-4, URL: https://migu.188766.xyz/?migutoken=6a06314d6b4691441d34e72cad087bc5&id=CCTV4%E6%AC%A7%E6%B4%B2&type=yy, From: subscribe, IPv_Type: ipv6, Location: 美国, ISP: CloudFlare Inc., Date: None, Delay: 0.1 ms, Speed: inf M/s, Resolution: 1920x1080
Name: CCTV-4, URL: https://migu.188766.xyz/?migutoken=cdfe59ebfd981390838047a2623b2d2e&id=CCTV4%E7%BE%8E%E6%B4%B2&type=yy, From: subscribe, IPv_Type: ipv6, Location: 美国, ISP: CloudFlare Inc., Date: None, Delay: 0.1 ms, Speed: inf M/s, Resolution: 1920x1080
Name: CCTV-4, URL: https://migu.188766.xyz/?migutoken=35a4672e60eca213cb81158b7fd3817f&id=CCTV4&type=yy, From: subscribe, IPv_Type: ipv6, Location: 美国, ISP: CloudFlare Inc., Date: None, Delay: 0.1 ms, Speed: inf M/s, Resolution: 1920x1080
Name: CCTV-4, URL: https://migu.188766.xyz/?migutoken=bda91fc45ad75dfdac3148fe6a57044e&id=CCTV4%E6%AC%A7%E6%B4%B2&type=yy, From: subscribe, IPv_Type: ipv6, Location: 美国, ISP: CloudFlare Inc., Date: None, Delay: 0.1 ms, Speed: inf M/s, Resolution: 1920x1080
Name: CCTV-4, URL: https://migu.188766.xyz/?migutoken=196c4ceab188a8fb789008ceec8498dc&id=CCTV4%E7%BE%8E%E6%B4%B2&type=yy, From: subscribe, IPv_Type: ipv6, Location: 美国, ISP: CloudFlare Inc., Date: None, Delay: 0.1 ms, Speed: inf M/s, Resolution: 1920x1080
Name: CCTV-4, URL: https://migu.188766.xyz/?migutoken=623cfe2327e588e9c10d031c03b61ff3&id=CCTV4&type=yy, From: subscribe, IPv_Type: ipv6, Location: 美国, ISP: CloudFlare Inc., Date: None, Delay: 0.1 ms, Speed: inf M/s, Resolution: 1920x1080
Name: CCTV-4, URL: https://migu.188766.xyz/?migutoken=2050341c7b577bf35aab9ecab1d3080a&id=CCTV4%E6%AC%A7%E6%B4%B2&type=yy, From: subscribe, IPv_Type: ipv6, Location: 美国, ISP: CloudFlare Inc., Date: None, Delay: 0.1 ms, Speed: inf M/s, Resolution: 1920x1080
Name: CCTV-4, URL: https://migu.188766.xyz/?migutoken=ef3fdba327da36be9239ce1918ea5ab6&id=CCTV4%E7%BE%8E%E6%B4%B2&type=yy, From: subscribe, IPv_Type: ipv6, Location: 美国, ISP: CloudFlare Inc., Date: None, Delay: 0.1 ms, Speed: inf M/s, Resolution: 1920x1080
Name: CCTV-4, URL: https://migu.188766.xyz/?migutoken=bc5ab27a7f64cf27830ef038b84de289&id=CCTV4&type=yy, From: subscribe, IPv_Type: ipv6, Location: 美国, ISP: CloudFlare Inc., Date: None, Delay: 0.1 ms, Speed: inf M/s, Resolution: 1920x1080
Name: CCTV-4, URL: https://migu.188766.xyz/?migutoken=70dcf48c890df16e1c5634de206a3b40&id=CCTV4%E6%AC%A7%E6%B4%B2&type=yy, From: subscribe, IPv_Type: ipv6, Location: 美国, ISP: CloudFlare Inc., Date: None, Delay: 0.1 ms, Speed: inf M/s, Resolution: 1920x1080
Name: CCTV-4, URL: https://migu.188766.xyz/?migutoken=cc182419d657a3d4a70a7ce9dcdf9154&id=CCTV4%E7%BE%8E%E6%B4%B2&type=yy, From: subscribe, IPv_Type: ipv6, Location: 美国, ISP: CloudFlare Inc., Date: None, Delay: 0.1 ms, Speed: inf M/s, Resolution: 1920x1080
Name: CCTV-4, URL: https://migu.188766.xyz/?migutoken=ff25cd670f0b0590139042ee206443c7&id=CCTV4&type=yy, From: subscribe, IPv_Type: ipv6, Location: 美国, ISP: CloudFlare Inc., Date: None, Delay: 0.1 ms, Speed: inf M/s, Resolution: 1920x1080
Name: CCTV-4, URL: https://migu.188766.xyz/?migutoken=6c030592f960d3fbf6e214ecd76d49b5&id=CCTV4%E6%AC%A7%E6%B4%B2&type=yy, From: subscribe, IPv_Type: ipv6, Location: 美国, ISP: CloudFlare Inc., Date: None, Delay: 0.1 ms, Speed: inf M/s, Resolution: 1920x1080
Name: CCTV-4, URL: https://migu.188766.xyz/?migutoken=f78c8fbd9ab051f04ce5f1d006b62ddd&id=CCTV4%E7%BE%8E%E6%B4%B2&type=yy, From: subscribe, IPv_Type: ipv6, Location: 美国, ISP: CloudFlare Inc., Date: None, Delay: 0.1 ms, Speed: inf M/s, Resolution: 1920x1080
Name: CCTV-4, URL: https://migu.188766.xyz/?migutoken=116a3108e9dbae1bace7a84baeda2fe0&id=CCTV4&type=yy, From: subscribe, IPv_Type: ipv6, Location: 美国, ISP: CloudFlare Inc., Date: None, Delay: 0.1 ms, Speed: inf M/s, Resolution: 1920x1080
Name: CCTV-4, URL: https://migu.188766.xyz/?migutoken=ca0eb2c4526136e66257c1175a90ceec&id=CCTV4%E6%AC%A7%E6%B4%B2&type=yy, From: subscribe, IPv_Type: ipv6, Location: 美国, ISP: CloudFlare Inc., Date: None, Delay: 0.1 ms, Speed: inf M/s, Resolution: 1920x1080
Name: CCTV-4, URL: https://migu.188766.xyz/?migutoken=d25c5db6ac5f18cdcb86ca1726eff3cc&id=CCTV4%E7%BE%8E%E6%B4%B2&type=yy, From: subscribe, IPv_Type: ipv6, Location: 美国, ISP: CloudFlare Inc., Date: None, Delay: 0.1 ms, Speed: inf M/s, Resolution: 1920x1080
Name: CCTV-4, URL: https://migu.188766.xyz/?migutoken=d5f658016518b8f48db63c349f53203f&id=CCTV4&type=yy, From: subscribe, IPv_Type: ipv6, Location: 美国, ISP: CloudFlare Inc., Date: None, Delay: 0.1 ms, Speed: inf M/s, Resolution: 1920x1080
Name: CCTV-4, URL: https://migu.188766.xyz/?migutoken=e45f1331d9a6b5574f7bc278fc758553&id=CCTV4%E6%AC%A7%E6%B4%B2&type=yy, From: subscribe, IPv_Type: ipv6, Location: 美国, ISP: CloudFlare Inc., Date: None, Delay: 0.1 ms, Speed: inf M/s, Resolution: 1920x1080
Name: CCTV-4, URL: https://migu.188766.xyz/?migutoken=0762ba6428f9d864d60a54f8049491e5&id=CCTV4%E7%BE%8E%E6%B4%B2&type=yy, From: subscribe, IPv_Type: ipv6, Location: 美国, ISP: CloudFlare Inc., Date: None, Delay: 0.1 ms, Speed: inf M/s, Resolution: 1920x1080
Name: CCTV-4, URL: https://migu.188766.xyz/?migutoken=12f241b64a20cda6f5745e46f80d009f&id=CCTV4&type=yy, From: subscribe, IPv_Type: ipv6, Location: 美国, ISP: CloudFlare Inc., Date: None, Delay: 0.1 ms, Speed: inf M/s, Resolution: 1920x1080
Name: CCTV-4, URL: https://migu.188766.xyz/?migutoken=6a19af6e1dae0224fe6630226dff6155&id=CCTV4%E6%AC%A7%E6%B4%B2&type=yy, From: subscribe, IPv_Type: ipv6, Location: 美国, ISP: CloudFlare Inc., Date: None, Delay: 0.1 ms, Speed: inf M/s, Resolution: 1920x1080
Name: CCTV-4, URL: https://migu.188766.xyz/?migutoken=be483d71894032aac12c893d8a2538dd&id=CCTV4%E7%BE%8E%E6%B4%B2&type=yy, From: subscribe, IPv_Type: ipv6, Location: 美国, ISP: CloudFlare Inc., Date: None, Delay: 0.1 ms, Speed: inf M/s, Resolution: 1920x1080
Name: CCTV-4, URL: https://migu.188766.xyz/?migutoken=2096739dbf5947d3ea1058acabdb84af&id=CCTV4&type=yy, From: subscribe, IPv_Type: ipv6, Location: 美国, ISP: CloudFlare Inc., Date: None, Delay: 0.1 ms, Speed: inf M/s, Resolution: 1920x1080
Name: CCTV-4, URL: https://migu.188766.xyz/?migutoken=ad36a5dc16f6be56073ce94b64aa2e04&id=CCTV4%E6%AC%A7%E6%B4%B2&type=yy, From: subscribe, IPv_Type: ipv6, Location: 美国, ISP: CloudFlare Inc., Date: None, Delay: 0.1 ms, Speed: inf M/s, Resolution: 1920x1080
Name: CCTV-4, URL: https://migu.188766.xyz/?migutoken=34349146661e2af69045cf99605da17c&id=CCTV4%E7%BE%8E%E6%B4%B2&type=yy, From: subscribe, IPv_Type: ipv6, Location: 美国, ISP: CloudFlare Inc., Date: None, Delay: 0.1 ms, Speed: inf M/s, Resolution: 1920x1080
Name: CCTV-4, URL: https://migu.188766.xyz/?migutoken=cda681198f00e7ca10ca8e318a9f2ae8&id=CCTV4&type=yy, From: subscribe, IPv_Type: ipv6, Location: 美国, ISP: CloudFlare Inc., Date: None, Delay: 0.1 ms, Speed: inf M/s, Resolution: 1920x1080
Name: CCTV-4, URL: https://migu.188766.xyz/?migutoken=bbfc5c4fc7713f8d8b913569814fd0c5&id=CCTV4%E6%AC%A7%E6%B4%B2&type=yy, From: subscribe, IPv_Type: ipv6, Location: 美国, ISP: CloudFlare Inc., Date: None, Delay: 0.1 ms, Speed: inf M/s, Resolution: 1920x1080
Name: CCTV-4, URL: https://migu.188766.xyz/?migutoken=3cb0c706ac93167a9db15aabc74b4503&id=CCTV4%E7%BE%8E%E6%B4%B2&type=yy, From: subscribe, IPv_Type: ipv6, Location: 美国, ISP: CloudFlare Inc., Date: None, Delay: 0.1 ms, Speed: inf M/s, Resolution: 1920x1080
Name: CCTV-4, URL: https://migu.188766.xyz/?migutoken=d5cca09f865538d64bf1d7003365235a&id=CCTV4&type=yy, From: subscribe, IPv_Type: ipv6, Location: 美国, ISP: CloudFlare Inc., Date: None, Delay: 0.1 ms, Speed: inf M/s, Resolution: 1920x1080
Name: CCTV-4, URL: https://migu.188766.xyz/?migutoken=8308c6c1922026af8562edf0ddfc2b76&id=CCTV4%E6%AC%A7%E6%B4%B2&type=yy, From: subscribe, IPv_Type: ipv6, Location: 美国, ISP: CloudFlare Inc., Date: None, Delay: 0.1 ms, Speed: inf M/s, Resolution: 1920x1080
Name: CCTV-4, URL: https://migu.188766.xyz/?migutoken=640720bb6e1856c9b2df32c4619d5862&id=CCTV4%E7%BE%8E%E6%B4%B2&type=yy, From: subscribe, IPv_Type: ipv6, Location: 美国, ISP: CloudFlare Inc., Date: None, Delay: 0.1 ms, Speed: inf M/s, Resolution: 1920x1080
Name: CCTV-4, URL: https://migu.188766.xyz/?migutoken=4badae08a83e929aa53e93897c21d637&id=CCTV4&type=yy, From: subscribe, IPv_Type: ipv6, Location: 美国, ISP: CloudFlare Inc., Date: None, Delay: 0.1 ms, Speed: inf M/s, Resolution: 1920x1080
Name: CCTV-4, URL: https://migu.188766.xyz/?migutoken=aae8d58dfe295f9595d40d9c612a7880&id=CCTV4%E6%AC%A7%E6%B4%B2&type=yy, From: subscribe, IPv_Type: ipv6, Location: 美国, ISP: CloudFlare Inc., Date: None, Delay: 0.1 ms, Speed: inf M/s, Resolution: 1920x1080
Name: CCTV-4, URL: https://migu.188766.xyz/?migutoken=17add4d91660b2e0763463959577e995&id=CCTV4%E7%BE%8E%E6%B4%B2&type=yy, From: subscribe, IPv_Type: ipv6, Location: 美国, ISP: CloudFlare Inc., Date: None, Delay: 0.1 ms, Speed: inf M/s, Resolution: 1920x1080
Name: CCTV-4, URL: https://migu.188766.xyz/?migutoken=45a7eadb701a060a02730ab0ce51b635&id=CCTV4&type=yy, From: subscribe, IPv_Type: ipv6, Location: 美国, ISP: CloudFlare Inc., Date: None, Delay: 0.1 ms, Speed: inf M/s, Resolution: 1920x1080
Name: CCTV-4, URL: https://migu.188766.xyz/?migutoken=235ff06b8e917138cb00120ef271172a&id=CCTV4%E6%AC%A7%E6%B4%B2&type=yy, From: subscribe, IPv_Type: ipv6, Location: 美国, ISP: CloudFlare Inc., Date: None, Delay: 0.1 ms, Speed: inf M/s, Resolution: 1920x1080
Name: CCTV-4, URL: https://migu.188766.xyz/?migutoken=3b3042841a083d5470ca222bce1d66c3&id=CCTV4%E7%BE%8E%E6%B4%B2&type=yy, From: subscribe, IPv_Type: ipv6, Location: 美国, ISP: CloudFlare Inc., Date: None, Delay: 0.1 ms, Speed: inf M/s, Resolution: 1920x1080
Name: CCTV-4, URL: https://migu.188766.xyz/?migutoken=86ce256c70d06486281d1c8b774fc0ae&id=CCTV4&type=yy, From: subscribe, IPv_Type: ipv6, Location: 美国, ISP: CloudFlare Inc., Date: None, Delay: 0.1 ms, Speed: inf M/s, Resolution: 1920x1080
Name: CCTV-4, URL: https://migu.188766.xyz/?migutoken=5f864dca9bdfe8d87f0c5d034c6d5bd6&id=CCTV4%E6%AC%A7%E6%B4%B2&type=yy, From: subscribe, IPv_Type: ipv6, Location: 美国, ISP: CloudFlare Inc., Date: None, Delay: 0.1 ms, Speed: inf M/s, Resolution: 1920x1080
Name: CCTV-4, URL: https://migu.188766.xyz/?migutoken=8b3d7de10de044e07603c32079c9890c&id=CCTV4%E7%BE%8E%E6%B4%B2&type=yy, From: subscribe, IPv_Type: ipv6, Location: 美国, ISP: CloudFlare Inc., Date: None, Delay: 0.1 ms, Speed: inf M/s, Resolution: 1920x1080
Name: CCTV-4, URL: https://migu.188766.xyz/?migutoken=e181429aa35be31503ae711a024faf64&id=CCTV4&type=yy, From: subscribe, IPv_Type: ipv6, Location: 美国, ISP: CloudFlare Inc., Date: None, Delay: 0.1 ms, Speed: inf M/s, Resolution: 1920x1080
Name: CCTV-4, URL: https://migu.188766.xyz/?migutoken=20174757859f3acd1bb1f2a383235571&id=CCTV4%E6%AC%A7%E6%B4%B2&type=yy, From: subscribe, IPv_Type: ipv6, Location: 美国, ISP: CloudFlare Inc., Date: None, Delay: 0.1 ms, Speed: inf M/s, Resolution: 1920x1080
Name: CCTV-4, URL: https://migu.188766.xyz/?migutoken=277eea70169602ea8ab8728dfad09980&id=CCTV4%E7%BE%8E%E6%B4%B2&type=yy, From: subscribe, IPv_Type: ipv6, Location: 美国, ISP: CloudFlare Inc., Date: None, Delay: 0.1 ms, Speed: inf M/s, Resolution: 1920x1080
Name: CCTV-4, URL: https://migu.188766.xyz/?migutoken=fd3e9db5d50b3d22829202f477a7de88&id=CCTV4&type=yy, From: subscribe, IPv_Type: ipv6, Location: 美国, ISP: CloudFlare Inc., Date: None, Delay: 0.1 ms, Speed: inf M/s, Resolution: 1920x1080
Name: CCTV-4, URL: https://migu.188766.xyz/?migutoken=8726e01da0c0826f2cc56d403bc54285&id=CCTV4%E6%AC%A7%E6%B4%B2&type=yy, From: subscribe, IPv_Type: ipv6, Location: 美国, ISP: CloudFlare Inc., Date: None, Delay: 0.1 ms, Speed: inf M/s, Resolution: 1920x1080
Name: CCTV-4, URL: https://migu.188766.xyz/?migutoken=e031abbfdde4d5022bbdfb33a83f31ec&id=CCTV4%E7%BE%8E%E6%B4%B2&type=yy, From: subscribe, IPv_Type: ipv6, Location: 美国, ISP: CloudFlare Inc., Date: None, Delay: 0.1 ms, Speed: inf M/s, Resolution: 1920x1080
Name: CCTV-4, URL: https://migu.188766.xyz/?migutoken=dc6f16a12ec14642df7a0cb05470e482&id=CCTV4&type=yy, From: subscribe, IPv_Type: ipv6, Location: 美国, ISP: CloudFlare Inc., Date: None, Delay: 0.1 ms, Speed: inf M/s, Resolution: 1920x1080
Name: CCTV-4, URL: https://migu.188766.xyz/?migutoken=bf654c88023b1c57c8e91c4b08eb2ed6&id=CCTV4%E6%AC%A7%E6%B4%B2&type=yy, From: subscribe, IPv_Type: ipv6, Location: 美国, ISP: CloudFlare Inc., Date: None, Delay: 0.1 ms, Speed: inf M/s, Resolution: 1920x1080
Name: CCTV-4, URL: https://migu.188766.xyz/?migutoken=60373d91892515e93841ffbd8621a519&id=CCTV4%E7%BE%8E%E6%B4%B2&type=yy, From: subscribe, IPv_Type: ipv6, Location: 美国, ISP: CloudFlare Inc., Date: None, Delay: 0.1 ms, Speed: inf M/s, Resolution: 1920x1080
Name: CCTV-4, URL: https://migu.188766.xyz/?migutoken=50b261f8c1727075fea0b99d2ec749bc&id=CCTV4&type=yy, From: subscribe, IPv_Type: ipv6, Location: 美国, ISP: CloudFlare Inc., Date: None, Delay: 0.1 ms, Speed: inf M/s, Resolution: 1920x1080
Name: CCTV-4, URL: https://migu.188766.xyz/?migutoken=c68746ccec059f933ccd81b49dde7e71&id=CCTV4%E6%AC%A7%E6%B4%B2&type=yy, From: subscribe, IPv_Type: ipv6, Location: 美国, ISP: CloudFlare Inc., Date: None, Delay: 0.1 ms, Speed: inf M/s, Resolution: 1920x1080
Name: CCTV-4, URL: https://migu.188766.xyz/?migutoken=d2d740f21307b9e068163fe7722e0428&id=CCTV4%E7%BE%8E%E6%B4%B2&type=yy, From: subscribe, IPv_Type: ipv6, Location: 美国, ISP: CloudFlare Inc., Date: None, Delay: 0.1 ms, Speed: inf M/s, Resolution: 1920x1080
Name: CCTV-4, URL: https://migu.188766.xyz/?migutoken=cb9cc92eac006d7b81d2dd46bef57c99&id=CCTV4&type=yy, From: subscribe, IPv_Type: ipv6, Location: 美国, ISP: CloudFlare Inc., Date: None, Delay: 0.1 ms, Speed: inf M/s, Resolution: 1920x1080
Name: CCTV-4, URL: https://migu.188766.xyz/?migutoken=a1abe96dea73e0c573c49b4afe1d04a1&id=CCTV4%E6%AC%A7%E6%B4%B2&type=yy, From: subscribe, IPv_Type: ipv6, Location: 美国, ISP: CloudFlare Inc., Date: None, Delay: 0.1 ms, Speed: inf M/s, Resolution: 1920x1080
Name: CCTV-4, URL: https://migu.188766.xyz/?migutoken=06f6bc601557d3bd425de57e721e54b8&id=CCTV4%E7%BE%8E%E6%B4%B2&type=yy, From: subscribe, IPv_Type: ipv6, Location: 美国, ISP: CloudFlare Inc., Date: None, Delay: 0.1 ms, Speed: inf M/s, Resolution: 1920x1080
Name: CCTV-4, URL: https://migu.188766.xyz/?migutoken=e9fe6c4ced8f5cdfd601e6b701045155&id=CCTV4&type=yy, From: subscribe, IPv_Type: ipv6, Location: 美国, ISP: CloudFlare Inc., Date: None, Delay: 0.1 ms, Speed: inf M/s, Resolution: 1920x1080
Name: CCTV-4, URL: https://migu.188766.xyz/?migutoken=b2c2f8bb41e92091a6eb44c77194bad8&id=CCTV4%E6%AC%A7%E6%B4%B2&type=yy, From: subscribe, IPv_Type: ipv6, Location: 美国, ISP: CloudFlare Inc., Date: None, Delay: 0.1 ms, Speed: inf M/s, Resolution: 1920x1080
Name: CCTV-4, URL: https://migu.188766.xyz/?migutoken=cc266b96f289031d0d077c3620d42ddb&id=CCTV4%E7%BE%8E%E6%B4%B2&type=yy, From: subscribe, IPv_Type: ipv6, Location: 美国, ISP: CloudFlare Inc., Date: None, Delay: 0.1 ms, Speed: inf M/s, Resolution: 1920x1080
Name: CCTV-4, URL: https://migu.188766.xyz/?migutoken=c9cfc8ee5405263448dcdce25ae758fd&id=CCTV4&type=yy, From: subscribe, IPv_Type: ipv6, Location: 美国, ISP: CloudFlare Inc., Date: None, Delay: 0.1 ms, Speed: inf M/s, Resolution: 1920x1080
Name: CCTV-4, URL: https://migu.188766.xyz/?migutoken=b14bc869c9e30d0a1d39c6c349eb62ef&id=CCTV4%E6%AC%A7%E6%B4%B2&type=yy, From: subscribe, IPv_Type: ipv6, Location: 美国, ISP: CloudFlare Inc., Date: None, Delay: 0.1 ms, Speed: inf M/s, Resolution: 1920x1080
Name: CCTV-4, URL: https://migu.188766.xyz/?migutoken=32a317c433e0ea079c8925b3c4aa1703&id=CCTV4%E7%BE%8E%E6%B4%B2&type=yy, From: subscribe, IPv_Type: ipv6, Location: 美国, ISP: CloudFlare Inc., Date: None, Delay: 0.1 ms, Speed: inf M/s, Resolution: 1920x1080
Name: CCTV-4, URL: https://migu.188766.xyz/?migutoken=0b95b99eed76e9ba1b529ace684d259c&id=CCTV4&type=yy, From: subscribe, IPv_Type: ipv6, Location: 美国, ISP: CloudFlare Inc., Date: None, Delay: 0.1 ms, Speed: inf M/s, Resolution: 1920x1080
Name: CCTV-4, URL: https://migu.188766.xyz/?migutoken=545c88767be574dc163a987ea6750810&id=CCTV4%E6%AC%A7%E6%B4%B2&type=yy, From: subscribe, IPv_Type: ipv6, Location: 美国, ISP: CloudFlare Inc., Date: None, Delay: 0.1 ms, Speed: inf M/s, Resolution: 1920x1080
Name: CCTV-4, URL: https://migu.188766.xyz/?migutoken=e8c503829f4a7d6f96cbf4759713a4bd&id=CCTV4%E7%BE%8E%E6%B4%B2&type=yy, From: subscribe, IPv_Type: ipv6, Location: 美国, ISP: CloudFlare Inc., Date: None, Delay: 0.1 ms, Speed: inf M/s, Resolution: 1920x1080
Name: CCTV-4, URL: https://migu.188766.xyz/?migutoken=5a62eec209f2f4fa8f4421599346cfaa&id=CCTV4&type=yy, From: subscribe, IPv_Type: ipv6, Location: 美国, ISP: CloudFlare Inc., Date: None, Delay: 0.1 ms, Speed: inf M/s, Resolution: 1920x1080
Name: CCTV-4, URL: https://migu.188766.xyz/?migutoken=8c1df4798163667cb832f4cc144757d3&id=CCTV4%E6%AC%A7%E6%B4%B2&type=yy, From: subscribe, IPv_Type: ipv6, Location: 美国, ISP: CloudFlare Inc., Date: None, Delay: 0.1 ms, Speed: inf M/s, Resolution: 1920x1080
Name: CCTV-4, URL: https://migu.188766.xyz/?migutoken=6ab980a1c93998f0665eb49bb9d7daac&id=CCTV4%E7%BE%8E%E6%B4%B2&type=yy, From: subscribe, IPv_Type: ipv6, Location: 美国, ISP: CloudFlare Inc., Date: None, Delay: 0.1 ms, Speed: inf M/s, Resolution: 1920x1080
Name: CCTV-4, URL: https://migu.188766.xyz/?migutoken=b7351949e5971a1d1664369143a853d7&id=CCTV4&type=yy, From: subscribe, IPv_Type: ipv6, Location: 美国, ISP: CloudFlare Inc., Date: None, Delay: -1 ms, Speed: 0.00 M/s, Resolution: None
Name: CCTV-4, URL: https://migu.188766.xyz/?migutoken=8da2b2bd4841ddc0448520e48aaad63a&id=CCTV4%E6%AC%A7%E6%B4%B2&type=yy, From: subscribe, IPv_Type: ipv6, Location: 美国, ISP: CloudFlare Inc., Date: None, Delay: -1 ms, Speed: 0.00 M/s, Resolution: None
Name: CCTV-4, URL: https://migu.188766.xyz/?migutoken=bbe10e8abeadb00e898bd11b6368ff16&id=CCTV4%E7%BE%8E%E6%B4%B2&type=yy, From: subscribe, IPv_Type: ipv6, Location: 美国, ISP: CloudFlare Inc., Date: None, Delay: -1 ms, Speed: 0.00 M/s, Resolution: None
Name: CCTV-4, URL: https://migu.188766.xyz/?migutoken=c905e6d0e63f25a36d023b418037e9d2&id=CCTV4&type=yy, From: subscribe, IPv_Type: ipv6, Location: 美国, ISP: CloudFlare Inc., Date: None, Delay: -1 ms, Speed: 0.00 M/s, Resolution: None
Name: CCTV-4, URL: https://migu.188766.xyz/?migutoken=1007e3415eee5e20eff4e2a6ba85e8a1&id=CCTV4%E6%AC%A7%E6%B4%B2&type=yy, From: subscribe, IPv_Type: ipv6, Location: 美国, ISP: CloudFlare Inc., Date: None, Delay: -1 ms, Speed: 0.00 M/s, Resolution: None
Name: CCTV-4, URL: https://migu.188766.xyz/?migutoken=e0c535f775e8bb0a5251db1d214d0584&id=CCTV4%E7%BE%8E%E6%B4%B2&type=yy, From: subscribe, IPv_Type: ipv6, Location: 美国, ISP: CloudFlare Inc., Date: None, Delay: -1 ms, Speed: 0.00 M/s, Resolution: None
Name: CCTV-4, URL: https://migu.188766.xyz/?migutoken=0ef1c998369a238cdcb6d4f112032151&id=CCTV4&type=yy, From: subscribe, IPv_Type: ipv6, Location: 美国, ISP: CloudFlare Inc., Date: None, Delay: -1 ms, Speed: 0.00 M/s, Resolution: None
Name: CCTV-4, URL: https://migu.188766.xyz/?migutoken=9661567aed2227822645c1fe94b97993&id=CCTV4%E6%AC%A7%E6%B4%B2&type=yy, From: subscribe, IPv_Type: ipv6, Location: 美国, ISP: CloudFlare Inc., Date: None, Delay: -1 ms, Speed: 0.00 M/s, Resolution: None
Name: CCTV-4, URL: https://migu.188766.xyz/?migutoken=23007688fc75bbf874b66f0d610eaf5c&id=CCTV4%E7%BE%8E%E6%B4%B2&type=yy, From: subscribe, IPv_Type: ipv6, Location: 美国, ISP: CloudFlare Inc., Date: None, Delay: -1 ms, Speed: 0.00 M/s, Resolution: None
Name: CCTV-4, URL: https://migu.188766.xyz/?migutoken=9e9a11a42a50229b45da009cf7f5f5b2&id=CCTV4&type=yy, From: subscribe, IPv_Type: ipv6, Location: 美国, ISP: CloudFlare Inc., Date: None, Delay: -1 ms, Speed: 0.00 M/s, Resolution: None
Name: CCTV-4, URL: https://migu.188766.xyz/?migutoken=7befe3b1a9eeb9603887e17888976ca3&id=CCTV4%E6%AC%A7%E6%B4%B2&type=yy, From: subscribe, IPv_Type: ipv6, Location: 美国, ISP: CloudFlare Inc., Date: None, Delay: -1 ms, Speed: 0.00 M/s, Resolution: None
Name: CCTV-4, URL: https://migu.188766.xyz/?migutoken=1fb381d40f341ec4d02cb223e8d52740&id=CCTV4%E7%BE%8E%E6%B4%B2&type=yy, From: subscribe, IPv_Type: ipv6, Location: 美国, ISP: CloudFlare Inc., Date: None, Delay: -1 ms, Speed: 0.00 M/s, Resolution: None
Name: CCTV-4, URL: https://migu.188766.xyz/?migutoken=59c2095392084ae77c5fc85c18d2e51c&id=CCTV4&type=yy, From: subscribe, IPv_Type: ipv6, Location: 美国, ISP: CloudFlare Inc., Date: None, Delay: -1 ms, Speed: 0.00 M/s, Resolution: None
Name: CCTV-4, URL: https://migu.188766.xyz/?migutoken=47a2f69c3d9594e375067d6842259cf9&id=CCTV4%E6%AC%A7%E6%B4%B2&type=yy, From: subscribe, IPv_Type: ipv6, Location: 美国, ISP: CloudFlare Inc., Date: None, Delay: -1 ms, Speed: 0.00 M/s, Resolution: None
Name: CCTV-4, URL: https://migu.188766.xyz/?migutoken=cfba6d7f8a7055a6865b05dd99d84e65&id=CCTV4%E7%BE%8E%E6%B4%B2&type=yy, From: subscribe, IPv_Type: ipv6, Location: 美国, ISP: CloudFlare Inc., Date: None, Delay: -1 ms, Speed: 0.00 M/s, Resolution: None
Name: CCTV-4, URL: https://migu.188766.xyz/?migutoken=852648f4ebf992095e620e1dda0603f1&id=CCTV4&type=yy, From: subscribe, IPv_Type: ipv6, Location: 美国, ISP: CloudFlare Inc., Date: None, Delay: -1 ms, Speed: 0.00 M/s, Resolution: None
Name: CCTV-4, URL: https://migu.188766.xyz/?migutoken=f589fc6affebd1ecd786819ba75d24d1&id=CCTV4%E6%AC%A7%E6%B4%B2&type=yy, From: subscribe, IPv_Type: ipv6, Location: 美国, ISP: CloudFlare Inc., Date: None, Delay: -1 ms, Speed: 0.00 M/s, Resolution: None
Name: CCTV-4, URL: https://migu.188766.xyz/?migutoken=81392478c69ea09beea8e5f205fed74c&id=CCTV4%E7%BE%8E%E6%B4%B2&type=yy, From: subscribe, IPv_Type: ipv6, Location: 美国, ISP: CloudFlare Inc., Date: None, Delay: -1 ms, Speed: 0.00 M/s, Resolution: None
Name: CCTV-4, URL: http://38.75.136.137:98/gslb/dsdqbv/cctv4hd.m3u8?auth=test20251009, From: subscribe, IPv_Type: ipv4, Location: 美国-伊利诺伊州-库克, ISP: Cogent, Date: None, Delay: 682 ms, Speed: 4.81 M/s, Resolution: 1920x1080
Name: CCTV-4, URL: http://38.75.136.137:98/gslb/dsdqca/cctv4hd.m3u8?auth=test20251009, From: subscribe, IPv_Type: ipv4, Location: 美国-伊利诺伊州-库克, ISP: Cogent, Date: None, Delay: 2588 ms, Speed: 3.55 M/s, Resolution: 1920x1080
Name: CCTV-5, URL: http://php.jdshipin.com/TVOD/hljyd.php?id=3221226019, From: subscribe, IPv_Type: ipv6, Location: 美国, ISP: CloudFlare Inc., Date: None, Delay: 0.1 ms, Speed: inf M/s, Resolution: 1920x1080
Name: CCTV-5, URL: http://iptv.huuc.edu.cn/hls/cctv5hd.m3u8, From: subscribe, IPv_Type: ipv6, Location: 中国, ISP: 教育网, Date: None, Delay: 0.1 ms, Speed: inf M/s, Resolution: 1920x1080
Name: CCTV-5, URL: https://www.freetv.top/migu/641886683.m3u8?migutoken=3e5c01f93922de8d1c940fe15bb47349b27e8f7a2e624dde1a83dff3b2a80f58b7624151a3a4d00488edee34f202818557340903382fae02bb754084eb942bd50e59061df36fab62fb5b908903, From: subscribe, IPv_Type: ipv6, Location: 美国-加利福尼亚州-圣克拉拉, ISP: DigitalOcean, Date: None, Delay: 0.1 ms, Speed: inf M/s, Resolution: 1920x1080
Name: CCTV-5, URL: http://[2409:8087:1a01:df::4077]/ottrrs.hl.chinamobile.com/PLTV/88888888/224/3221226019/index.m3u8, From: subscribe, IPv_Type: ipv6, Location: 中国, ISP: 中国移动, Date: None, Delay: 0.1 ms, Speed: inf M/s, Resolution: 1920x1080
Name: CCTV-5, URL: https://smart.pendy.dpdns.org/Smart.php?id=cctv5, From: subscribe, IPv_Type: ipv6, Location: 美国, ISP: CloudFlare Inc., Date: None, Delay: 0.1 ms, Speed: inf M/s, Resolution: 1920x1080
Name: CCTV-5, URL: http://[2409:8087:1a01:df::4077]:80/ottrrs.hl.chinamobile.com/TVOD/88888888/224/3221226019/index.m3u8, From: subscribe, IPv_Type: ipv6, Location: 中国, ISP: 中国移动, Date: None, Delay: 0.1 ms, Speed: inf M/s, Resolution: 1920x1080
Name: CCTV-5, URL: https://ldcctvwbcdks.v.kcdnvip.com/ldcctvwbcd/cdrmldcctv5plus_1/index.m3u8?b=200-2100, From: subscribe, IPv_Type: ipv6, Location: 中国, ISP: 中国电信, Date: None, Delay: 0.1 ms, Speed: inf M/s, Resolution: 1920x1080
Name: CCTV-5, URL: http://[2409:8087:1a01:df::4077]:80/ottrrs.hl.chinamobile.com/yinhe/88888888/224/3221226019/index.m3u8, From: subscribe, IPv_Type: ipv6, Location: 中国, ISP: 中国移动, Date: None, Delay: 0.1 ms, Speed: inf M/s, Resolution: 1920x1080
Name: CCTV-5, URL: http://[2409:8087:1a01:df::4077]:80/ottrrs.hl.chinamobile.com/PLTV/88888888/224/3221226019/index.m3u8, From: subscribe, IPv_Type: ipv6, Location: 中国, ISP: 中国移动, Date: None, Delay: 0.1 ms, Speed: inf M/s, Resolution: 1920x1080
Name: CCTV-5, URL: http://[2409:8087:1a01:df::4077]/ottrrs.hl.chinamobile.com/PLTV/88888888/8/3221226019/index.m3u8, From: subscribe, IPv_Type: ipv6, Location: 中国, ISP: 中国移动, Date: None, Delay: 0.1 ms, Speed: inf M/s, Resolution: 1920x1080
Name: CCTV-5, URL: http://[2409:8087:1a0a:df::404b]/ottrrs.hl.chinamobile.com/TVOD/88888888/224/3221226019/index.m3u8, From: subscribe, IPv_Type: ipv6, Location: 中国, ISP: 中国移动, Date: None, Delay: 0.1 ms, Speed: inf M/s, Resolution: 1920x1080
Name: CCTV-5, URL: https://www.freetv.top/migu/641886683.m3u8?migutoken=e81b62c9a59cfc35924052cd6081bd5635e726604b5e1a12a9ebf352c74951d3d9d3e6c6c1bfed528a9287e0b6c873ef6bc6c1d7651f14bc1687a58a136bb5a647b6bebed7cd999f07302554e2, From: subscribe, IPv_Type: ipv6, Location: 美国-加利福尼亚州-圣克拉拉, ISP: DigitalOcean, Date: None, Delay: 0.1 ms, Speed: inf M/s, Resolution: 1920x1080
Name: CCTV-5, URL: https://www.freetv.top/migu/641886683.m3u8?migutoken=b9a1e6cdadb5b8fc55cd05842ff680e9431a4d403454162995bd1139d26f292521c72615e8117abc8d74479b46c5736b1db94eab7f190d661693f5f67f407d9aa7785ca59ef24515a844393c4e, From: subscribe, IPv_Type: ipv6, Location: 美国-加利福尼亚州-圣克拉拉, ISP: DigitalOcean, Date: None, Delay: 0.1 ms, Speed: inf M/s, Resolution: 1920x1080
Name: CCTV-5, URL: https://www.freetv.top/migu/641886683.m3u8?migutoken=76643d97dedd9d3c8f942bccc253faeb22def73d3881bd632c23f126dbad7d21d9d9bd6e6e6a1b304806d9329d9aa09b7f511c452d571d618644122578b3e4981e7c99aec8a1b987a41d01276d, From: subscribe, IPv_Type: ipv6, Location: 美国-加利福尼亚州-圣克拉拉, ISP: DigitalOcean, Date: None, Delay: 0.1 ms, Speed: inf M/s, Resolution: 1920x1080
Name: CCTV-5, URL: https://www.freetv.top/migu/641886683.m3u8?migutoken=6e3c4a6fba0be5e4060d1c8abab920c2a8ee3308ee2e5a373bad466d9c1c0c3815b96ff56d6b8aab1f7440fc34813d288efe932e05cf0594d7b1a4eaa542a95508f64bbc8423a4e814954a0913, From: subscribe, IPv_Type: ipv6, Location: 美国-加利福尼亚州-圣克拉拉, ISP: DigitalOcean, Date: None, Delay: 0.1 ms, Speed: inf M/s, Resolution: 1920x1080
Name: CCTV-5, URL: https://www.freetv.top/migu/641886683.m3u8?migutoken=2394bc3ac567cd8270631b1f612f28f996719523d72453a2d116e0f33d6e35016d1954f50d7ae0eae4743d3557d85b85dc048a8c45ac3d96c528fce533ceeb7febaa06283ebe688a04fa57379a, From: subscribe, IPv_Type: ipv6, Location: 美国-加利福尼亚州-圣克拉拉, ISP: DigitalOcean, Date: None, Delay: 0.1 ms, Speed: inf M/s, Resolution: 1920x1080
Name: CCTV-5, URL: https://www.freetv.top/migu/641886683.m3u8?migutoken=07b0c4931b9605a1f5d919c04b761491cc8441c89de4ef653300b0fca459d6285df7d91ed33cd27d0d9f37734d8857e83c5b8fa379272c30c6fa2e0af7f64aba625f148d2e4fad1d65a839e723, From: subscribe, IPv_Type: ipv6, Location: 美国-加利福尼亚州-圣克拉拉, ISP: DigitalOcean, Date: None, Delay: 0.1 ms, Speed: inf M/s, Resolution: 1920x1080
Name: CCTV-5, URL: https://www.freetv.top/migu/641886683.m3u8?migutoken=f4028150ccebb24672bb134ff9263dc2fa555f760bd7f0624f98a260402d38ab91417925cf800517a7c1b877a15425e85b65b6a16be7fe88d145c2cb2d42af684846c5a89a5c22eb739e0e52cf, From: subscribe, IPv_Type: ipv6, Location: 美国-加利福尼亚州-圣克拉拉, ISP: DigitalOcean, Date: None, Delay: 0.1 ms, Speed: inf M/s, Resolution: 1920x1080
Name: CCTV-5, URL: https://www.freetv.top/migu/641886683.m3u8?migutoken=5e1f646f194fe505d91d562e427139a8cc1907bd48dbf0388a09a0a57428cb16498ab48b116a9fe1e0d3ef6b41b7157fda1e479f019ed20c5e1f164191b09d3d0e81f1d62352a2b14387f833e5, From: subscribe, IPv_Type: ipv6, Location: 美国-加利福尼亚州-圣克拉拉, ISP: DigitalOcean, Date: None, Delay: 0.1 ms, Speed: inf M/s, Resolution: 1920x1080
Name: CCTV-5, URL: https://www.freetv.top/migu/641886683.m3u8?migutoken=2bece701b98f5c84ec8d9ea06069bd63dad2f968685a0779662a836d3b8378d260f903a5c31c63829fa75e4e249929827442d37f115a4dce2e072de50dfce8d01528143fc8d22033301a6b4432, From: subscribe, IPv_Type: ipv6, Location: 美国-加利福尼亚州-圣克拉拉, ISP: DigitalOcean, Date: None, Delay: 0.1 ms, Speed: inf M/s, Resolution: 1920x1080
Name: CCTV-5, URL: http://www.freetv.top/migu/641886683.m3u8?migutoken=cea30189b17e30fb3b4876609eb6e3128f840f8ab5db6f9643403213dc9980613938be69b13fe0290d2c44f0052b78d90c669a2f92e28951f92da861b7cba070b55ec1b4fe1a92a2c133c43c4c, From: subscribe, IPv_Type: ipv6, Location: 美国-加利福尼亚州-圣克拉拉, ISP: DigitalOcean, Date: None, Delay: 0.1 ms, Speed: inf M/s, Resolution: 1920x1080
Name: CCTV-5, URL: https://www.freetv.top/migu/641886683.m3u8?migutoken=13cc5084dacec107984b1a7783716f0b4d6205d02eda857fd393403d7db53274097bd692c96c6659920f5a71a931792d21535bdc3cfcfc05b2cf171f006a834f370f0e50d3727a799c636657c8, From: subscribe, IPv_Type: ipv6, Location: 美国-加利福尼亚州-圣克拉拉, ISP: DigitalOcean, Date: None, Delay: 0.1 ms, Speed: inf M/s, Resolution: 1920x1080
Name: CCTV-5, URL: http://yc.myds.me:35455/gaoma/cctv5.m3u8, From: subscribe, IPv_Type: ipv6, Location: 中国, ISP: 中国电信, Date: None, Delay: 0.1 ms, Speed: inf M/s, Resolution: 1920x1080
Name: CCTV-5, URL: http://nas.suntao.online:35455/itv/1000000005000265005.m3u8?cdn=ystenlive, From: subscribe, IPv_Type: ipv6, Location: 中国, ISP: 中国联通, Date: None, Delay: 0.1 ms, Speed: inf M/s, Resolution: 1920x1080
Name: CCTV-5, URL: http://iptv.cdn.ha.chinamobile.com/PLTV/88888888/224/3221227323/index.m3u8, From: subscribe, IPv_Type: ipv6, Location: 中国, ISP: 中国移动, Date: None, Delay: 0.1 ms, Speed: inf M/s, Resolution: 1920x1080
Name: CCTV-5, URL: http://lu.wqwqwq.sbs/itv/1000000005000265005.m3u8?cdn=ystenlive, From: subscribe, IPv_Type: ipv6, Location: 美国, ISP: CloudFlare Inc., Date: None, Delay: 0.1 ms, Speed: inf M/s, Resolution: 1920x1080
Name: CCTV-5, URL: http://[2409:8087:4c0a:22:1::11]:6410/170000001115/UmaiCHAN63872908d48f9/index.m3u8?AuthInfo=9kOOdBn7MFF%2F2bWjKgahUSBx06ZL9Bo6JOM%2BSTjxZRK254G1jtietGzDaHvFNRtjXOvFnbf%2BTao33JqYlfMYYn2z3agOn9gvNMT9KmBaR9o, From: subscribe, IPv_Type: ipv6, Location: 中国, ISP: 中国移动, Date: None, Delay: 0.1 ms, Speed: inf M/s, Resolution: 1920x1080
Name: CCTV-5, URL: http://[2409:8087:5e01:34::21]:6610/ZTE_CMS/00000001000000060000000000000461/index.m3u8?IAS, From: subscribe, IPv_Type: ipv6, Location: 中国, ISP: 中国移动, Date: None, Delay: 0.1 ms, Speed: inf M/s, Resolution: 1920x1080
Name: CCTV-5, URL: http://[2409:8087:5e01:34::20]:6610/ZTE_CMS/00000001000000060000000000000461/index.m3u8?IAS, From: subscribe, IPv_Type: ipv6, Location: 中国, ISP: 中国移动, Date: None, Delay: 0.1 ms, Speed: inf M/s, Resolution: 1920x1080
Name: CCTV-5, URL: https://www.freetv.top/migu/641886683.m3u8?migutoken=5f46d328a6ba4b17e3c54dd4c9542e6761b3b2b498ff12429b0664996d9561fcb2fbb67556b110f56102b207c8cd9feb8c0fbe2cbbadf8e18bc3fe6fc78ee06a9cb59dfc8ba532ebef77d7cf2a, From: subscribe, IPv_Type: ipv6, Location: 美国-加利福尼亚州-圣克拉拉, ISP: DigitalOcean, Date: None, Delay: 0.1 ms, Speed: inf M/s, Resolution: 1920x1080
Name: CCTV-5, URL: https://www.freetv.top/migu/641886683.m3u8?migutoken=5419f38d020fc6c0f4160940012d9c60af8160fe26d1afc244d3171a5fb0eca4a95711596173fa41db6d1c1e8e14ed17b4612f21192afa5f3e8867b00bd25545464e545fd9abf66d5acdfe1313, From: subscribe, IPv_Type: ipv6, Location: 美国-加利福尼亚州-圣克拉拉, ISP: DigitalOcean, Date: None, Delay: 0.1 ms, Speed: inf M/s, Resolution: 1920x1080
Name: CCTV-5, URL: https://stream1.freetv.fun/ipv6-cctv-5-12.m3u8, From: subscribe, IPv_Type: ipv6, Location: 美国, ISP: CloudFlare Inc., Date: None, Delay: 0.1 ms, Speed: inf M/s, Resolution: 1920x1080
Name: CCTV-5, URL: http://zteres.sn.chinamobile.com:6060/000000001000/5000000004000008885/1.m3u8?channel-id=bestzb&Contentid=5000000004000008885&livemode=1&stbId=3, From: subscribe, IPv_Type: ipv6, Location: 中国, ISP: 中国移动, Date: None, Delay: 0.1 ms, Speed: inf M/s, Resolution: 1920x1080
Name: CCTV-5, URL: http://zteres.sn.chinamobile.com:6060/000000001000/5000000010000016619/1.m3u8?channel-id=bestzb&Contentid=5000000010000016619&livemode=1&stbId=3, From: subscribe, IPv_Type: ipv6, Location: 中国, ISP: 中国移动, Date: None, Delay: 0.1 ms, Speed: inf M/s, Resolution: 1920x1080
Name: CCTV-5, URL: http://[2409:8087:2001:20:2800:0:df6e:eb21]:80/PLTV/1/224/3221230976/1.m3u8, From: subscribe, IPv_Type: ipv6, Location: 中国, ISP: 中国移动, Date: None, Delay: 0.1 ms, Speed: inf M/s, Resolution: 1920x1080
Name: CCTV-5, URL: http://[2409:8087:5e00:24::1f]:6060/ZTE_CMS/00000001000000060000000000000376/index.m3u8, From: subscribe, IPv_Type: ipv6, Location: 中国, ISP: 中国移动, Date: None, Delay: 0.1 ms, Speed: inf M/s, Resolution: 1920x1080
Name: CCTV-5, URL: http://[2409:8087:5e01:34::22]:6610/ZTE_CMS/00000001000000060000000000000461/index.m3u8?IAS, From: subscribe, IPv_Type: ipv6, Location: 中国, ISP: 中国移动, Date: None, Delay: 0.1 ms, Speed: inf M/s, Resolution: 1920x1080
Name: CCTV-5, URL: https://live.goodiptv.club/api/cqyx.php?id=cctv5HD, From: subscribe, IPv_Type: ipv6, Location: 美国, ISP: CloudFlare Inc., Date: None, Delay: 0.1 ms, Speed: inf M/s, Resolution: 1920x1080
Name: CCTV-5, URL: http://[2409:8087:74f0:22::4]:6410/270000001111/1110000305/index.m3u8, From: subscribe, IPv_Type: ipv6, Location: 中国, ISP: 中国移动, Date: None, Delay: 0.1 ms, Speed: inf M/s, Resolution: 1920x1080
Name: CCTV-5, URL: http://[2409:8087:1a01:df::7005]/ottrrs.hl.chinamobile.com/PLTV/88888888/224/3221226019/index.m3u8, From: subscribe, IPv_Type: ipv6, Location: 中国, ISP: 中国移动, Date: None, Delay: 0.1 ms, Speed: inf M/s, Resolution: 1920x1080
Name: CCTV-5, URL: http://[2409:8087:3869:8021:1001::e5]:6610/PLTV/88888910/224/3221225633/index.m3u8, From: subscribe, IPv_Type: ipv6, Location: 中国, ISP: 中国移动, Date: None, Delay: 0.1 ms, Speed: inf M/s, Resolution: 1920x1080
Name: CCTV-5, URL: http://[2409:8087:8:21::18]:6610/otttv.bj.chinamobile.com/PLTV/88888888/224/3221226469/1.m3u8, From: subscribe, IPv_Type: ipv6, Location: 中国, ISP: 中国移动, Date: None, Delay: 0.1 ms, Speed: inf M/s, Resolution: 1920x1080
Name: CCTV-5, URL: http://[2409:8087:8:21::18]:6610/otttv.bj.chinamobile.com/PLTV/88888888/224/3221226894/1.m3u8, From: subscribe, IPv_Type: ipv6, Location: 中国, ISP: 中国移动, Date: None, Delay: 0.1 ms, Speed: inf M/s, Resolution: 1920x1080
Name: CCTV-5, URL: http://rrs01.hw.gmcc.net:8088/PLTV/81/224/3221226731/1.m3u8, From: subscribe, IPv_Type: ipv6, Location: 中国, ISP: 中国移动, Date: None, Delay: 0.1 ms, Speed: inf M/s, Resolution: 1920x1080
Name: CCTV-5, URL: http://k.061899.xyz/m.php?id=cctv5, From: subscribe, IPv_Type: ipv6, Location: 新加坡, ISP: Aceville Pte.Ltd., Date: None, Delay: 0.1 ms, Speed: inf M/s, Resolution: 1920x1080
Name: CCTV-5, URL: http://[2409:8087:1a15:10d1::39]/ottrrs.hl.chinamobile.com/PLTV/88888888/224/3221226019/index.m3u8, From: subscribe, IPv_Type: ipv6, Location: 中国, ISP: 中国移动, Date: None, Delay: 0.1 ms, Speed: inf M/s, Resolution: 1920x1080
Name: CCTV-5, URL: http://[2409:8087:1a15:10d1::34]/ottrrs.hl.chinamobile.com/PLTV/88888888/224/3221226019/index.m3u8, From: subscribe, IPv_Type: ipv6, Location: 中国, ISP: 中国移动, Date: None, Delay: 0.1 ms, Speed: inf M/s, Resolution: 1920x1080
Name: CCTV-5, URL: http://[2409:8087:5e00:24::1e]:6060/200000001898/460000089800010139/1.m3u8, From: subscribe, IPv_Type: ipv6, Location: 中国, ISP: 中国移动, Date: None, Delay: 0.1 ms, Speed: inf M/s, Resolution: 1920x1080
Name: CCTV-5, URL: http://[2409:8087:5e08:25::16]:6610/200000001898/460000089800010139/1.m3u8, From: subscribe, IPv_Type: ipv6, Location: 中国, ISP: 中国移动, Date: None, Delay: 0.1 ms, Speed: inf M/s, Resolution: 1920x1080
Name: CCTV-5, URL: https://migu.188766.xyz/?migutoken=5bee22cdc4417142983b6456e3d3948b&id=CCTV5&pp=1, From: subscribe, IPv_Type: ipv6, Location: 美国, ISP: CloudFlare Inc., Date: None, Delay: 0.1 ms, Speed: inf M/s, Resolution: 1920x1080
Name: CCTV-5, URL: https://mgtv.ottiptv.cc/migu/641886683.m3u8?migutoken=105533d9e150febd9afc8a38ff5ff74681604e105790d2f63a1b602fdcad270a56185c8023e22cd81c2dc4c1608e70f80e776552cfe7de78ba9631124adf6394a2084634a354fae51c75e880a8, From: subscribe, IPv_Type: ipv6, Location: 美国-新泽西州-巴赛克, ISP: DigitalOcean, Date: None, Delay: 0.1 ms, Speed: inf M/s, Resolution: 1920x1080
Name: CCTV-5, URL: https://cc06.tv12.xyz/5.m3u8, From: subscribe, IPv_Type: ipv6, Location: 美国, ISP: CloudFlare Inc., Date: None, Delay: 0.1 ms, Speed: inf M/s, Resolution: 1920x1080
Name: CCTV-5, URL: http://gslbmgsplive.miguvideo.com/wd_r2/cctv/cctv5hdnew/1200/index.m3u8?msisdn=202509190801300e6e790f0a2d4510ba2b2e6da9e1a38d&mdspid=&spid=699004&netType=0&sid=5500516171&pid=2028597139&timestamp=20250919080130&Channel_ID=0116_2600000900-99000-201600010010027&ProgramID=641886683&ParentNodeID=-99&assertID=5500516171&client_ip=106.13.250.88&SecurityKey=20250919080130&promotionId=&mvid=5102048712&mcid=500020&playurlVersion=WX-A1-8.9.1-RELEASE&userid=&jmhm=&videocodec=h264&bean=mgspad&tid=android&conFee=0&puData=8690949243aab07ef70427d59fde4d8f&ddCalcu=f886ed91401e90d4f99254d37a2a4b0077fe, From: subscribe, IPv_Type: ipv6, Location: 中国, ISP: 中国移动, Date: None, Delay: 0.1 ms, Speed: inf M/s, Resolution: 1920x1080
Name: CCTV-5, URL: https://jzb.wwkejishe.top/?id=582, From: subscribe, IPv_Type: ipv6, Location: 美国, ISP: CloudFlare Inc., Date: None, Delay: 0.1 ms, Speed: inf M/s, Resolution: 1920x1080
Name: CCTV-5, URL: https://migu.188766.xyz/?migutoken=13eb00818f68192838941c59392f6228&id=CCTV5p&type=yy, From: subscribe, IPv_Type: ipv6, Location: 美国, ISP: CloudFlare Inc., Date: None, Delay: 0.1 ms, Speed: inf M/s, Resolution: 1920x1080
Name: CCTV-5, URL: https://hls-gateway.vpstv.net/streams/476885.m3u8, From: subscribe, IPv_Type: ipv6, Location: 美国, ISP: CloudFlare Inc., Date: None, Delay: 0.1 ms, Speed: inf M/s, Resolution: 1920x1080
Name: CCTV-5, URL: https://migu.188766.xyz/?migutoken=04a1cefcb3b9d5945e612c1aa2ea8d62&id=CCTV5&type=yy, From: subscribe, IPv_Type: ipv6, Location: 美国, ISP: CloudFlare Inc., Date: None, Delay: 0.1 ms, Speed: inf M/s, Resolution: 1920x1080
Name: CCTV-5, URL: https://migu.188766.xyz/?migutoken=33935029cce60f88a6a5809a04ddbe49&id=CCTV5p&type=yy, From: subscribe, IPv_Type: ipv6, Location: 美国, ISP: CloudFlare Inc., Date: None, Delay: 0.1 ms, Speed: inf M/s, Resolution: 1920x1080
Name: CCTV-5, URL: http://gslbmgsplive.miguvideo.com/wd_r2/cctv/cctv5hdnew/1200/index.m3u8?msisdn=20251114060029e3e81c26f7b143c286743f8ac542cbcc&mdspid=&spid=699004&netType=0&sid=5500516171&pid=2028597139&timestamp=20251114060029&Channel_ID=0116_2600000900-99000-201600010010027&ProgramID=641886683&ParentNodeID=-99&assertID=5500516171&client_ip=106.13.250.90&SecurityKey=20251114060029&promotionId=&mvid=5102048712&mcid=500020&playurlVersion=WX-A1-8.10.1-RELEASE&userid=&jmhm=&videocodec=h264&bean=mgspad&tid=android&conFee=0&puData=2d22e94112dbc7a4e5f17908edbed2b5&ddCalcu=52bde221d21ee0b9d4e181029d7b1cf75ae4, From: subscribe, IPv_Type: ipv6, Location: 中国, ISP: 中国移动, Date: None, Delay: 0.1 ms, Speed: inf M/s, Resolution: 1920x1080
Name: CCTV-5, URL: http://[2409:8087:8:21::18]:6610/otttv.bj.chinamobile.com/PLTV/88888888/224/3221226469/1.m3u8?, From: subscribe, IPv_Type: ipv6, Location: 中国, ISP: 中国移动, Date: None, Delay: 0.1 ms, Speed: inf M/s, Resolution: 1920x1080
Name: CCTV-5, URL: https://live.chinacert.cftest5.cn/mg/?id=641886683, From: subscribe, IPv_Type: ipv6, Location: 中国, ISP: 中国联通, Date: None, Delay: 0.1 ms, Speed: inf M/s, Resolution: 1920x1080
Name: CCTV-5, URL: https://migu.188766.xyz/?migutoken=90589bf63a4426ec782a89ebce788843&id=CCTV5&type=yy, From: subscribe, IPv_Type: ipv6, Location: 美国, ISP: CloudFlare Inc., Date: None, Delay: 0.1 ms, Speed: inf M/s, Resolution: 1920x1080
Name: CCTV-5, URL: https://migu.188766.xyz/?migutoken=6a924bed57fed1eb2cc399bc1b9a1de3&id=CCTV5p&type=yy, From: subscribe, IPv_Type: ipv6, Location: 美国, ISP: CloudFlare Inc., Date: None, Delay: 0.1 ms, Speed: inf M/s, Resolution: 1920x1080
Name: CCTV-5, URL: http://gslbmgsplive.miguvideo.com/wd_r2/cctv/cctv5hdnew/1200/index.m3u8?msisdn=202511150800546401b88fda0a43ee8c100b917c60acea&mdspid=&spid=699004&netType=0&sid=5500516171&pid=2028597139&timestamp=20251115080054&Channel_ID=0116_2600000900-99000-201600010010027&ProgramID=641886683&ParentNodeID=-99&assertID=5500516171&client_ip=106.13.250.89&SecurityKey=20251115080054&promotionId=&mvid=5102048712&mcid=500020&playurlVersion=WX-A1-8.10.1-RELEASE&userid=&jmhm=&videocodec=h264&bean=mgspad&tid=android&conFee=0&puData=9b52541ba4a8fa54de65f62c8a26bac4&ddCalcu=49cbea51b2165024a18bca246af85f6ae5d4, From: subscribe, IPv_Type: ipv6, Location: 中国, ISP: 中国移动, Date: None, Delay: 0.1 ms, Speed: inf M/s, Resolution: 1920x1080
Name: CCTV-5, URL: https://migu.188766.xyz/?migutoken=c7fea39a0865d4b52ff2caf17fcc0919&id=CCTV5&type=yy, From: subscribe, IPv_Type: ipv6, Location: 美国, ISP: CloudFlare Inc., Date: None, Delay: 0.1 ms, Speed: inf M/s, Resolution: 1920x1080
Name: CCTV-5, URL: https://migu.188766.xyz/?migutoken=6a73f2f3c020194de5a4d40eb6988668&id=CCTV5p&type=yy, From: subscribe, IPv_Type: ipv6, Location: 美国, ISP: CloudFlare Inc., Date: None, Delay: 0.1 ms, Speed: inf M/s, Resolution: 1920x1080
Name: CCTV-5, URL: http://gslbmgsplive.miguvideo.com/wd_r2/cctv/cctv5hdnew/1200/index.m3u8?msisdn=2025111608005444f1bcb1a1d64ea38f6972045c1ff2ae&mdspid=&spid=699004&netType=0&sid=5500516171&pid=2028597139&timestamp=20251116080054&Channel_ID=0116_2600000900-99000-201600010010027&ProgramID=641886683&ParentNodeID=-99&assertID=5500516171&client_ip=106.13.250.83&SecurityKey=20251116080054&promotionId=&mvid=5102048712&mcid=500020&playurlVersion=WX-A1-8.10.1-RELEASE&userid=&jmhm=&videocodec=h264&bean=mgspad&tid=android&conFee=0&puData=8399724429e9414108791a3dc90a2917&ddCalcu=7813e991291a700294c4d239ae1994718401, From: subscribe, IPv_Type: ipv6, Location: 中国, ISP: 中国移动, Date: None, Delay: 0.1 ms, Speed: inf M/s, Resolution: 1920x1080
Name: CCTV-5, URL: https://migu.188766.xyz/?migutoken=8e9d2a9e26d125de6a0be2cfab102d15&id=CCTV5&type=yy, From: subscribe, IPv_Type: ipv6, Location: 美国, ISP: CloudFlare Inc., Date: None, Delay: 0.1 ms, Speed: inf M/s, Resolution: 1920x1080
Name: CCTV-5, URL: https://migu.188766.xyz/?migutoken=6e305669f94a69028fd951068c35a1ef&id=CCTV5p&type=yy, From: subscribe, IPv_Type: ipv6, Location: 美国, ISP: CloudFlare Inc., Date: None, Delay: 0.1 ms, Speed: inf M/s, Resolution: 1920x1080
Name: CCTV-5, URL: http://gslbmgsplive.miguvideo.com/wd_r2/cctv/cctv5hdnew/1200/index.m3u8?msisdn=20251117080053aa5c5eb7a65047af99168407b10abc77&mdspid=&spid=699004&netType=0&sid=5500516171&pid=2028597139&timestamp=20251117080053&Channel_ID=0116_2600000900-99000-201600010010027&ProgramID=641886683&ParentNodeID=-99&assertID=5500516171&client_ip=106.13.250.90&SecurityKey=20251117080053&promotionId=&mvid=5102048712&mcid=500020&playurlVersion=WX-A1-8.10.1-RELEASE&userid=&jmhm=&videocodec=h264&bean=mgspad&tid=android&conFee=0&puData=a5ea11da2947586d575ab2afc71c51bf&ddCalcu=fab5e1e15a1c10117dcaf2a924b7a558765d, From: subscribe, IPv_Type: ipv6, Location: 中国, ISP: 中国移动, Date: None, Delay: 0.1 ms, Speed: inf M/s, Resolution: 1920x1080
Name: CCTV-5, URL: https://migu.188766.xyz/?migutoken=cd67b8dcca69810addd13b97b12f8922&id=CCTV5&type=yy, From: subscribe, IPv_Type: ipv6, Location: 美国, ISP: CloudFlare Inc., Date: None, Delay: 0.1 ms, Speed: inf M/s, Resolution: 1920x1080
Name: CCTV-5, URL: https://migu.188766.xyz/?migutoken=6d638bdab803d0d2d0797e5f9b5e5ac4&id=CCTV5p&type=yy, From: subscribe, IPv_Type: ipv6, Location: 美国, ISP: CloudFlare Inc., Date: None, Delay: 0.1 ms, Speed: inf M/s, Resolution: 1920x1080
Name: CCTV-5, URL: http://gslbmgsplive.miguvideo.com/wd_r2/cctv/cctv5hdnew/1200/index.m3u8?msisdn=20251118080045115fdb45d62e44e78500a4a9752e0f15&mdspid=&spid=699004&netType=0&sid=5500516171&pid=2028597139&timestamp=20251118080045&Channel_ID=0116_2600000900-99000-201600010010027&ProgramID=641886683&ParentNodeID=-99&assertID=5500516171&client_ip=106.13.250.90&SecurityKey=20251118080045&promotionId=&mvid=5102048712&mcid=500020&playurlVersion=WX-A1-8.10.1-RELEASE&userid=&jmhm=&videocodec=h264&bean=mgspad&tid=android&conFee=0&puData=ee3a401026ebf0c54069ba937c791d61&ddCalcu=1e6eed311a194070c1703296aebb9f600c45, From: subscribe, IPv_Type: ipv6, Location: 中国, ISP: 中国移动, Date: None, Delay: 0.1 ms, Speed: inf M/s, Resolution: 1920x1080
Name: CCTV-5, URL: https://iptv.catvod.com/live.php?id=cctv5, From: subscribe, IPv_Type: ipv6, Location: 美国, ISP: CloudFlare Inc., Date: None, Delay: 0.1 ms, Speed: inf M/s, Resolution: 1920x1080
Name: CCTV-5, URL: https://migu.188766.xyz/?migutoken=b19247a17a5cfc7ea631189e5ec31761&id=CCTV5&type=yy, From: subscribe, IPv_Type: ipv6, Location: 美国, ISP: CloudFlare Inc., Date: None, Delay: 0.1 ms, Speed: inf M/s, Resolution: 1920x1080
Name: CCTV-5, URL: https://migu.188766.xyz/?migutoken=ec582a37d5cc7d2984c04e0ec5537438&id=CCTV5p&type=yy, From: subscribe, IPv_Type: ipv6, Location: 美国, ISP: CloudFlare Inc., Date: None, Delay: 0.1 ms, Speed: inf M/s, Resolution: 1920x1080
Name: CCTV-5, URL: http://gslbmgsplive.miguvideo.com/wd_r2/cctv/cctv5hdnew/1200/index.m3u8?msisdn=20251118160034095fd84d97944bed9b5fd5803e32f4b6&mdspid=&spid=699004&netType=0&sid=5500516171&pid=2028597139&timestamp=20251118160034&Channel_ID=0116_2600000900-99000-201600010010027&ProgramID=641886683&ParentNodeID=-99&assertID=5500516171&client_ip=106.13.250.90&SecurityKey=20251118160034&promotionId=&mvid=5102048712&mcid=500020&playurlVersion=WX-A1-8.10.1-RELEASE&userid=&jmhm=&videocodec=h264&bean=mgspad&tid=android&conFee=0&puData=d06aef8bb318b90e91c0482e373596b1&ddCalcu=1db0e6619a15e03f783beb2381480bc9109e, From: subscribe, IPv_Type: ipv6, Location: 中国, ISP: 中国移动, Date: None, Delay: 0.1 ms, Speed: inf M/s, Resolution: 1920x1080
Name: CCTV-5, URL: https://migu.188766.xyz/?migutoken=c11c27f86c57465e886d6bb909ae3437&id=CCTV5&type=yy, From: subscribe, IPv_Type: ipv6, Location: 美国, ISP: CloudFlare Inc., Date: None, Delay: 0.1 ms, Speed: inf M/s, Resolution: 1920x1080
Name: CCTV-5, URL: https://migu.188766.xyz/?migutoken=4d02be7a7e1cae931a4bbf3e04a76ce2&id=CCTV5p&type=yy, From: subscribe, IPv_Type: ipv6, Location: 美国, ISP: CloudFlare Inc., Date: None, Delay: 0.1 ms, Speed: inf M/s, Resolution: 1920x1080
Name: CCTV-5, URL: http://gslbmgsplive.miguvideo.com/wd_r2/cctv/cctv5hdnew/1200/index.m3u8?msisdn=202511200800578d3165d858c2483daac053b53eb9f16b&mdspid=&spid=699004&netType=0&sid=5500516171&pid=2028597139&timestamp=20251120080057&Channel_ID=0116_2600000900-99000-201600010010027&ProgramID=641886683&ParentNodeID=-99&assertID=5500516171&client_ip=106.13.250.90&SecurityKey=20251120080057&promotionId=&mvid=5102048712&mcid=500020&playurlVersion=WX-A1-8.11.1-RELEASE&userid=&jmhm=&videocodec=h264&bean=mgspad&tid=android&conFee=0&puData=b57cece35484ab3f6c7a67e21b593d41&ddCalcu=1b45ed723c19e05cbe1325e47864aa7bc36f, From: subscribe, IPv_Type: ipv6, Location: 中国, ISP: 中国移动, Date: None, Delay: 0.1 ms, Speed: inf M/s, Resolution: 1920x1080
Name: CCTV-5, URL: https://migu.188766.xyz/?migutoken=43e7e125c8b3ddc510cf532b48e4315a&id=CCTV5&type=yy, From: subscribe, IPv_Type: ipv6, Location: 美国, ISP: CloudFlare Inc., Date: None, Delay: 0.1 ms, Speed: inf M/s, Resolution: 1920x1080
Name: CCTV-5, URL: https://migu.188766.xyz/?migutoken=34c473bb9143bd9fcf45825db1d558a9&id=CCTV5p&type=yy, From: subscribe, IPv_Type: ipv6, Location: 美国, ISP: CloudFlare Inc., Date: None, Delay: 0.1 ms, Speed: inf M/s, Resolution: 1920x1080
Name: CCTV-5, URL: http://gslbmgsplive.miguvideo.com/wd_r2/cctv/cctv5hdnew/1200/index.m3u8?msisdn=20251121060035b130f99767da4a0dbd6c6b9e36c2955d&mdspid=&spid=699004&netType=0&sid=5500516171&pid=2028597139&timestamp=20251121060035&Channel_ID=0116_2600000900-99000-201600010010027&ProgramID=641886683&ParentNodeID=-99&assertID=5500516171&client_ip=106.13.250.90&SecurityKey=20251121060035&promotionId=&mvid=5102048712&mcid=500020&playurlVersion=WX-A1-8.11.1-RELEASE&userid=&jmhm=&videocodec=h264&bean=mgspad&tid=android&conFee=0&puData=f57e446068719640bc95f020bf124bed&ddCalcu=dfe5eb724e124014f6b0062807f15996c4b0, From: subscribe, IPv_Type: ipv6, Location: 中国, ISP: 中国移动, Date: None, Delay: 0.1 ms, Speed: inf M/s, Resolution: 1920x1080
Name: CCTV-5, URL: https://migu.188766.xyz/?migutoken=0cb335eafa9ac4143b9b954a124efffe&id=CCTV5&type=yy, From: subscribe, IPv_Type: ipv6, Location: 美国, ISP: CloudFlare Inc., Date: None, Delay: 0.1 ms, Speed: inf M/s, Resolution: 1920x1080
Name: CCTV-5, URL: https://migu.188766.xyz/?migutoken=5b52d8835167234f5398dfb8cd71a539&id=CCTV5p&type=yy, From: subscribe, IPv_Type: ipv6, Location: 美国, ISP: CloudFlare Inc., Date: None, Delay: 0.1 ms, Speed: inf M/s, Resolution: 1920x1080
Name: CCTV-5, URL: http://gslbmgsplive.miguvideo.com/wd_r2/cctv/cctv5hdnew/1200/index.m3u8?msisdn=2025112206003359ce52eb96404b0eafcb395d0ab7a12a&mdspid=&spid=699004&netType=0&sid=5500516171&pid=2028597139&timestamp=20251122060033&Channel_ID=0116_2600000900-99000-201600010010027&ProgramID=641886683&ParentNodeID=-99&assertID=5500516171&client_ip=106.13.250.90&SecurityKey=20251122060033&promotionId=&mvid=5102048712&mcid=500020&playurlVersion=WX-A1-8.11.1-RELEASE&userid=&jmhm=&videocodec=h264&bean=mgspad&tid=android&conFee=0&puData=edfc0ec5b15d2dab35de6e6c0c6b9482&ddCalcu=2e8de4f29c1b006ecc05cb61e56de2dd5a3b, From: subscribe, IPv_Type: ipv6, Location: 中国, ISP: 中国移动, Date: None, Delay: 0.1 ms, Speed: inf M/s, Resolution: 1920x1080
Name: CCTV-5, URL: https://migu.188766.xyz/?migutoken=3ea26845496230109ba2f14bb801b0e4&id=CCTV5&type=yy, From: subscribe, IPv_Type: ipv6, Location: 美国, ISP: CloudFlare Inc., Date: None, Delay: 0.1 ms, Speed: inf M/s, Resolution: 1920x1080
Name: CCTV-5, URL: https://migu.188766.xyz/?migutoken=9b174104eea39e73faa4faee000f4637&id=CCTV5p&type=yy, From: subscribe, IPv_Type: ipv6, Location: 美国, ISP: CloudFlare Inc., Date: None, Delay: 0.1 ms, Speed: inf M/s, Resolution: 1920x1080
Name: CCTV-5, URL: http://gslbmgsplive.miguvideo.com/wd_r2/cctv/cctv5hdnew/1200/index.m3u8?msisdn=20251123060031cc3de0f0e9fc431190f22173b1fd3f38&mdspid=&spid=699004&netType=0&sid=5500516171&pid=2028597139&timestamp=20251123060031&Channel_ID=0116_2600000900-99000-201600010010027&ProgramID=641886683&ParentNodeID=-99&assertID=5500516171&client_ip=106.13.250.89&SecurityKey=20251123060031&promotionId=&mvid=5102048712&mcid=500020&playurlVersion=WX-A1-8.11.1-RELEASE&userid=&jmhm=&videocodec=h264&bean=mgspad&tid=android&conFee=0&puData=ed912f09b2600f52d74710a629616d7c&ddCalcu=ce7ded926111206f90296ba20610704f75d2, From: subscribe, IPv_Type: ipv6, Location: 中国, ISP: 中国移动, Date: None, Delay: 0.1 ms, Speed: inf M/s, Resolution: 1920x1080
Name: CCTV-5, URL: https://migu.188766.xyz/?migutoken=2b217a41a7561511ef87b91d361e1637&id=CCTV5&type=yy, From: subscribe, IPv_Type: ipv6, Location: 美国, ISP: CloudFlare Inc., Date: None, Delay: 0.1 ms, Speed: inf M/s, Resolution: 1920x1080
Name: CCTV-5, URL: https://migu.188766.xyz/?migutoken=e9892fc8ab0ec4666c5bab12deaf5279&id=CCTV5p&type=yy, From: subscribe, IPv_Type: ipv6, Location: 美国, ISP: CloudFlare Inc., Date: None, Delay: 0.1 ms, Speed: inf M/s, Resolution: 1920x1080
Name: CCTV-5, URL: https://iptv.catvod.com/live.php?id=CCTV5, From: subscribe, IPv_Type: ipv6, Location: 美国, ISP: CloudFlare Inc., Date: None, Delay: 0.1 ms, Speed: inf M/s, Resolution: 1920x1080
Name: CCTV-5, URL: https://iptv.catvod.com/live.php?id=CCTV5plus, From: subscribe, IPv_Type: ipv6, Location: 美国, ISP: CloudFlare Inc., Date: None, Delay: 0.1 ms, Speed: inf M/s, Resolution: 1920x1080
Name: CCTV-5, URL: http://gslbmgsplive.miguvideo.com/wd_r2/cctv/cctv5hdnew/1200/index.m3u8?msisdn=2025112406003295ca0c52981143a384f09a4e79d2e7f0&mdspid=&spid=699004&netType=0&sid=5500516171&pid=2028597139&timestamp=20251124060032&Channel_ID=0116_2600000900-99000-201600010010027&ProgramID=641886683&ParentNodeID=-99&assertID=5500516171&client_ip=106.13.250.90&SecurityKey=20251124060032&promotionId=&mvid=5102048712&mcid=500020&playurlVersion=WX-A1-8.11.1-RELEASE&userid=&jmhm=&videocodec=h264&bean=mgspad&tid=android&conFee=0&puData=9308677ff38e8ba0dd8007c3a569973e&ddCalcu=e933e7029819606757af3fc3780e088bdad0, From: subscribe, IPv_Type: ipv6, Location: 中国, ISP: 中国移动, Date: None, Delay: 0.1 ms, Speed: inf M/s, Resolution: 1920x1080
Name: CCTV-5, URL: https://migu.188766.xyz/?migutoken=8f9cb6f31c7bc0877fc5edc8d9dfba1a&id=CCTV5&type=yy, From: subscribe, IPv_Type: ipv6, Location: 美国, ISP: CloudFlare Inc., Date: None, Delay: 0.1 ms, Speed: inf M/s, Resolution: 1920x1080
Name: CCTV-5, URL: https://migu.188766.xyz/?migutoken=4661a637382bf4308face3d47c0bf436&id=CCTV5p&type=yy, From: subscribe, IPv_Type: ipv6, Location: 美国, ISP: CloudFlare Inc., Date: None, Delay: 0.1 ms, Speed: inf M/s, Resolution: 1920x1080
Name: CCTV-5, URL: https://migu.188766.xyz/?migutoken=e6606b87371d5b2149fd46be26a568ed&id=CCTV5&type=yy, From: subscribe, IPv_Type: ipv6, Location: 美国, ISP: CloudFlare Inc., Date: None, Delay: 0.1 ms, Speed: inf M/s, Resolution: 1920x1080
Name: CCTV-5, URL: https://migu.188766.xyz/?migutoken=45f44416d9aa82df8dca51e0fffc3a21&id=CCTV5p&type=yy, From: subscribe, IPv_Type: ipv6, Location: 美国, ISP: CloudFlare Inc., Date: None, Delay: 0.1 ms, Speed: inf M/s, Resolution: 1920x1080
Name: CCTV-5, URL: https://iptv.catvod.com/live.php?id=CCTV-5%20%E4%BD%93%E8%82%B2, From: subscribe, IPv_Type: ipv6, Location: 美国, ISP: CloudFlare Inc., Date: None, Delay: 0.1 ms, Speed: inf M/s, Resolution: 1920x1080
Name: CCTV-5, URL: https://iptv.catvod.com/live.php?id=CCTV-5%2B%20%E4%BD%93%E8%82%B2%E8%B5%9B%E4%BA%8B, From: subscribe, IPv_Type: ipv6, Location: 美国, ISP: CloudFlare Inc., Date: None, Delay: 0.1 ms, Speed: inf M/s, Resolution: 1920x1080
Name: CCTV-5, URL: https://migu.188766.xyz/?migutoken=935f31dc400086442e609d16bb17e7b2&id=CCTV5&type=yy, From: subscribe, IPv_Type: ipv6, Location: 美国, ISP: CloudFlare Inc., Date: None, Delay: 0.1 ms, Speed: inf M/s, Resolution: 1920x1080
Name: CCTV-5, URL: https://migu.188766.xyz/?migutoken=6a825d46dfb7ae3450042db7d48a2653&id=CCTV5p&type=yy, From: subscribe, IPv_Type: ipv6, Location: 美国, ISP: CloudFlare Inc., Date: None, Delay: 0.1 ms, Speed: inf M/s, Resolution: 1920x1080
Name: CCTV-5, URL: https://migu.188766.xyz/?migutoken=d30dca679c58b42c26f0d09e412d46e4&id=CCTV5&type=yy, From: subscribe, IPv_Type: ipv6, Location: 美国, ISP: CloudFlare Inc., Date: None, Delay: 0.1 ms, Speed: inf M/s, Resolution: 1920x1080
Name: CCTV-5, URL: https://migu.188766.xyz/?migutoken=13067a89c1d1a33a8efc3bb9c580b100&id=CCTV5p&type=yy, From: subscribe, IPv_Type: ipv6, Location: 美国, ISP: CloudFlare Inc., Date: None, Delay: 0.1 ms, Speed: inf M/s, Resolution: 1920x1080
Name: CCTV-5, URL: https://migu.188766.xyz/?migutoken=4a13cae39083faff70b53e1310f7e838&id=CCTV5&type=yy, From: subscribe, IPv_Type: ipv6, Location: 美国, ISP: CloudFlare Inc., Date: None, Delay: 0.1 ms, Speed: inf M/s, Resolution: 1920x1080
Name: CCTV-5, URL: https://migu.188766.xyz/?migutoken=c220435c2e6743c196182776a3a255c2&id=CCTV5p&type=yy, From: subscribe, IPv_Type: ipv6, Location: 美国, ISP: CloudFlare Inc., Date: None, Delay: 0.1 ms, Speed: inf M/s, Resolution: 1920x1080
Name: CCTV-5, URL: https://zby.130519.xyz/PLTV/11/224/3221226146/index.m3u8, From: subscribe, IPv_Type: ipv6, Location: 美国, ISP: CloudFlare Inc., Date: None, Delay: 0.1 ms, Speed: inf M/s, Resolution: 1920x1080
Name: CCTV-5, URL: https://migu.188766.xyz/?migutoken=8e76d1658873121fd98b08417623f303&id=CCTV5&type=yy, From: subscribe, IPv_Type: ipv6, Location: 美国, ISP: CloudFlare Inc., Date: None, Delay: 0.1 ms, Speed: inf M/s, Resolution: 1920x1080
Name: CCTV-5, URL: https://migu.188766.xyz/?migutoken=298c0fd69069713d1584695c868a8ce4&id=CCTV5p&type=yy, From: subscribe, IPv_Type: ipv6, Location: 美国, ISP: CloudFlare Inc., Date: None, Delay: 0.1 ms, Speed: inf M/s, Resolution: 1920x1080
Name: CCTV-5, URL: https://migu.188766.xyz/?migutoken=3b2c76613c7513b3a42402118820aaee&id=CCTV5&type=yy, From: subscribe, IPv_Type: ipv6, Location: 美国, ISP: CloudFlare Inc., Date: None, Delay: 0.1 ms, Speed: inf M/s, Resolution: 1920x1080
Name: CCTV-5, URL: https://migu.188766.xyz/?migutoken=3be1173040caccae97feff3eca15045e&id=CCTV5p&type=yy, From: subscribe, IPv_Type: ipv6, Location: 美国, ISP: CloudFlare Inc., Date: None, Delay: 0.1 ms, Speed: inf M/s, Resolution: 1920x1080
Name: CCTV-5, URL: https://migu.188766.xyz/?migutoken=519b1f4895d621af0a2144ff4e6d08ea&id=CCTV5&type=yy, From: subscribe, IPv_Type: ipv6, Location: 美国, ISP: CloudFlare Inc., Date: None, Delay: 0.1 ms, Speed: inf M/s, Resolution: 1920x1080
Name: CCTV-5, URL: https://migu.188766.xyz/?migutoken=2fe96e036a05aaea16173bcb07976dc5&id=CCTV5p&type=yy, From: subscribe, IPv_Type: ipv6, Location: 美国, ISP: CloudFlare Inc., Date: None, Delay: 0.1 ms, Speed: inf M/s, Resolution: 1920x1080
Name: CCTV-5, URL: https://migu.188766.xyz/?migutoken=8735bb91f80b5d2de61664c2b6f1df09&id=CCTV5&type=yy, From: subscribe, IPv_Type: ipv6, Location: 美国, ISP: CloudFlare Inc., Date: None, Delay: 0.1 ms, Speed: inf M/s, Resolution: 1920x1080
Name: CCTV-5, URL: https://migu.188766.xyz/?migutoken=b97139e55fcf2db55431faae3d159107&id=CCTV5p&type=yy, From: subscribe, IPv_Type: ipv6, Location: 美国, ISP: CloudFlare Inc., Date: None, Delay: 0.1 ms, Speed: inf M/s, Resolution: 1920x1080
Name: CCTV-5, URL: https://migu.188766.xyz/?migutoken=5e70944023f546496f9cddfefd934a93&id=CCTV5&type=yy, From: subscribe, IPv_Type: ipv6, Location: 美国, ISP: CloudFlare Inc., Date: None, Delay: 0.1 ms, Speed: inf M/s, Resolution: 1920x1080
Name: CCTV-5, URL: https://migu.188766.xyz/?migutoken=38cb109099352c8457787a7035c843fe&id=CCTV5p&type=yy, From: subscribe, IPv_Type: ipv6, Location: 美国, ISP: CloudFlare Inc., Date: None, Delay: 0.1 ms, Speed: inf M/s, Resolution: 1920x1080
Name: CCTV-5, URL: https://migu.188766.xyz/?migutoken=9f2a574798af69ac8b2f418e17305eb7&id=CCTV5&type=yy, From: subscribe, IPv_Type: ipv6, Location: 美国, ISP: CloudFlare Inc., Date: None, Delay: 0.1 ms, Speed: inf M/s, Resolution: 1920x1080
Name: CCTV-5, URL: https://migu.188766.xyz/?migutoken=c371490d8a0aa84c61ef1bfa18c5d7e0&id=CCTV5p&type=yy, From: subscribe, IPv_Type: ipv6, Location: 美国, ISP: CloudFlare Inc., Date: None, Delay: 0.1 ms, Speed: inf M/s, Resolution: 1920x1080
Name: CCTV-5, URL: https://migu.188766.xyz/?migutoken=760c41a232c2083f3eba37337ac0f8b9&id=CCTV5&type=yy, From: subscribe, IPv_Type: ipv6, Location: 美国, ISP: CloudFlare Inc., Date: None, Delay: 0.1 ms, Speed: inf M/s, Resolution: 1920x1080
Name: CCTV-5, URL: https://migu.188766.xyz/?migutoken=9c657fb4873955581d3d74041bed323e&id=CCTV5p&type=yy, From: subscribe, IPv_Type: ipv6, Location: 美国, ISP: CloudFlare Inc., Date: None, Delay: 0.1 ms, Speed: inf M/s, Resolution: 1920x1080
Name: CCTV-5, URL: https://migu.188766.xyz/?migutoken=14980bcc43174c61fb883d90820eb8b1&id=CCTV5&type=yy, From: subscribe, IPv_Type: ipv6, Location: 美国, ISP: CloudFlare Inc., Date: None, Delay: 0.1 ms, Speed: inf M/s, Resolution: 1920x1080
Name: CCTV-5, URL: https://migu.188766.xyz/?migutoken=6312bf752faccbec6183f50d76342551&id=CCTV5p&type=yy, From: subscribe, IPv_Type: ipv6, Location: 美国, ISP: CloudFlare Inc., Date: None, Delay: 0.1 ms, Speed: inf M/s, Resolution: 1920x1080
Name: CCTV-5, URL: https://migu.188766.xyz/?migutoken=d11ac68e53b0492fb76f87c53207059a&id=CCTV5&type=yy, From: subscribe, IPv_Type: ipv6, Location: 美国, ISP: CloudFlare Inc., Date: None, Delay: 0.1 ms, Speed: inf M/s, Resolution: 1920x1080
Name: CCTV-5, URL: https://migu.188766.xyz/?migutoken=3ffa8a3d7048dbdf1605b8509592cf60&id=CCTV5p&type=yy, From: subscribe, IPv_Type: ipv6, Location: 美国, ISP: CloudFlare Inc., Date: None, Delay: 0.1 ms, Speed: inf M/s, Resolution: 1920x1080
Name: CCTV-5, URL: https://iptv.catvod.com/live.php?id=CCTV-5, From: subscribe, IPv_Type: ipv6, Location: 美国, ISP: CloudFlare Inc., Date: None, Delay: 0.1 ms, Speed: inf M/s, Resolution: 1920x1080
Name: CCTV-5, URL: https://migu.188766.xyz/?migutoken=8be5e3b352c9274aca06562da4895bf6&id=CCTV5&type=yy, From: subscribe, IPv_Type: ipv6, Location: 美国, ISP: CloudFlare Inc., Date: None, Delay: 0.1 ms, Speed: inf M/s, Resolution: 1920x1080
Name: CCTV-5, URL: https://migu.188766.xyz/?migutoken=eb0d5db745a47edc3d459973b4e926e7&id=CCTV5p&type=yy, From: subscribe, IPv_Type: ipv6, Location: 美国, ISP: CloudFlare Inc., Date: None, Delay: 0.1 ms, Speed: inf M/s, Resolution: 1920x1080
Name: CCTV-5, URL: https://migu.188766.xyz/?migutoken=e6af31b10dd7c627f8585381b5885997&id=CCTV5&type=yy, From: subscribe, IPv_Type: ipv6, Location: 美国, ISP: CloudFlare Inc., Date: None, Delay: 0.1 ms, Speed: inf M/s, Resolution: 1920x1080
Name: CCTV-5, URL: https://migu.188766.xyz/?migutoken=8be4dc0f3d31195d3c5aca2e0528c06d&id=CCTV5p&type=yy, From: subscribe, IPv_Type: ipv6, Location: 美国, ISP: CloudFlare Inc., Date: None, Delay: 0.1 ms, Speed: inf M/s, Resolution: 1920x1080
Name: CCTV-5, URL: https://migu.188766.xyz/?migutoken=dfe7248ebc315b0c5cfe5f923960efcb&id=CCTV5&type=yy, From: subscribe, IPv_Type: ipv6, Location: 美国, ISP: CloudFlare Inc., Date: None, Delay: 0.1 ms, Speed: inf M/s, Resolution: 1920x1080
Name: CCTV-5, URL: https://migu.188766.xyz/?migutoken=1f1f1145e44385d95dd950c223f7cad0&id=CCTV5p&type=yy, From: subscribe, IPv_Type: ipv6, Location: 美国, ISP: CloudFlare Inc., Date: None, Delay: 0.1 ms, Speed: inf M/s, Resolution: 1920x1080
Name: CCTV-5, URL: https://migu.188766.xyz/?migutoken=8fefd35de4afa9501a775e6fca1e0c9f&id=CCTV5&type=yy, From: subscribe, IPv_Type: ipv6, Location: 美国, ISP: CloudFlare Inc., Date: None, Delay: 0.1 ms, Speed: inf M/s, Resolution: 1920x1080
Name: CCTV-5, URL: https://migu.188766.xyz/?migutoken=6728c5747317cc3d5aa01d3421ea062a&id=CCTV5p&type=yy, From: subscribe, IPv_Type: ipv6, Location: 美国, ISP: CloudFlare Inc., Date: None, Delay: 0.1 ms, Speed: inf M/s, Resolution: 1920x1080
Name: CCTV-5, URL: http://gslbmgsplive.miguvideo.com/wd_r2/cctv/cctv5hdnew/600/index.m3u8?msisdn=20251212080208e35f4a6f6de0441fa09fdea32d467ce1&mdspid=&spid=699004&netType=0&sid=5500516171&pid=2028597139&timestamp=20251212080208&Channel_ID=0116_2600037000-99000-200300220100002&ProgramID=641886683&ParentNodeID=-99&assertID=5500516171&client_ip=218.28.233.106&SecurityKey=20251212080208&promotionId=&mvid=5102048712&mcid=500020&playurlVersion=ZQ-A1-8.12.1-RELEASE&userid=&jmhm=&videocodec=h264&appCode=miguvideo_android&bean=mgspad&tid=android&conFee=0&puData=2f5934af380ab1c4b67d51a3adab6ea2&ddCalcu=22afve5a69wb3aa4daaf33a8105adb716cb4&sv=10004&ct=android, From: subscribe, IPv_Type: ipv6, Location: 中国, ISP: 中国移动, Date: None, Delay: 0.1 ms, Speed: inf M/s, Resolution: 1920x1080
Name: CCTV-5, URL: https://migu.188766.xyz/?migutoken=956b74698450fd0f9d3cedae07700bba&id=CCTV5&type=yy, From: subscribe, IPv_Type: ipv6, Location: 美国, ISP: CloudFlare Inc., Date: None, Delay: 0.1 ms, Speed: inf M/s, Resolution: 1920x1080
Name: CCTV-5, URL: https://migu.188766.xyz/?migutoken=113d1bc1010a3a1792cc8897fbc356c2&id=CCTV5p&type=yy, From: subscribe, IPv_Type: ipv6, Location: 美国, ISP: CloudFlare Inc., Date: None, Delay: 0.1 ms, Speed: inf M/s, Resolution: 1920x1080
Name: CCTV-5, URL: https://migu.188766.xyz/?migutoken=d8662ffffa59240b9787c0e672c9563b&id=CCTV5&type=yy, From: subscribe, IPv_Type: ipv6, Location: 美国, ISP: CloudFlare Inc., Date: None, Delay: 0.1 ms, Speed: inf M/s, Resolution: 1920x1080
Name: CCTV-5, URL: https://migu.188766.xyz/?migutoken=8ed3b1ea98505f68ce7cf92c3df4f215&id=CCTV5p&type=yy, From: subscribe, IPv_Type: ipv6, Location: 美国, ISP: CloudFlare Inc., Date: None, Delay: 0.1 ms, Speed: inf M/s, Resolution: 1920x1080
Name: CCTV-5, URL: https://migu.188766.xyz/?migutoken=72685da0cfba813102446e8a2a065d11&id=CCTV5&type=yy, From: subscribe, IPv_Type: ipv6, Location: 美国, ISP: CloudFlare Inc., Date: None, Delay: 0.1 ms, Speed: inf M/s, Resolution: 1920x1080
Name: CCTV-5, URL: https://migu.188766.xyz/?migutoken=3196a9958cd677c67e2be9c49a12f687&id=CCTV5p&type=yy, From: subscribe, IPv_Type: ipv6, Location: 美国, ISP: CloudFlare Inc., Date: None, Delay: 0.1 ms, Speed: inf M/s, Resolution: 1920x1080
Name: CCTV-5, URL: https://migu.188766.xyz/?migutoken=4a8dd9f1b204562c1ef7d0ae49c40c82&id=CCTV5&type=yy, From: subscribe, IPv_Type: ipv6, Location: 美国, ISP: CloudFlare Inc., Date: None, Delay: 0.1 ms, Speed: inf M/s, Resolution: 1920x1080
Name: CCTV-5, URL: https://migu.188766.xyz/?migutoken=96034b1f3f8418f635c33df82b1fe2b9&id=CCTV5p&type=yy, From: subscribe, IPv_Type: ipv6, Location: 美国, ISP: CloudFlare Inc., Date: None, Delay: 0.1 ms, Speed: inf M/s, Resolution: 1920x1080
Name: CCTV-5, URL: https://iptv.catvod.com/live.php?id=CCTV-5plus, From: subscribe, IPv_Type: ipv6, Location: 美国, ISP: CloudFlare Inc., Date: None, Delay: 0.1 ms, Speed: inf M/s, Resolution: 1920x1080
Name: CCTV-5, URL: https://migu.188766.xyz/?migutoken=c2bf14baaf88be58731575e750ba5320&id=CCTV5&type=yy, From: subscribe, IPv_Type: ipv6, Location: 美国, ISP: CloudFlare Inc., Date: None, Delay: 0.1 ms, Speed: inf M/s, Resolution: 1920x1080
Name: CCTV-5, URL: https://migu.188766.xyz/?migutoken=e01cdebf0326b12ce2dd078061c2d62a&id=CCTV5p&type=yy, From: subscribe, IPv_Type: ipv6, Location: 美国, ISP: CloudFlare Inc., Date: None, Delay: 0.1 ms, Speed: inf M/s, Resolution: 1920x1080
Name: CCTV-5, URL: https://migu.188766.xyz/?migutoken=e21d766fd3d70e02a26d4f11994c3977&id=CCTV5&type=yy, From: subscribe, IPv_Type: ipv6, Location: 美国, ISP: CloudFlare Inc., Date: None, Delay: 0.1 ms, Speed: inf M/s, Resolution: 1920x1080
Name: CCTV-5, URL: https://migu.188766.xyz/?migutoken=f9e4ac1aafd434520f07f3a9d5eadb20&id=CCTV5p&type=yy, From: subscribe, IPv_Type: ipv6, Location: 美国, ISP: CloudFlare Inc., Date: None, Delay: 0.1 ms, Speed: inf M/s, Resolution: 1920x1080
Name: CCTV-5, URL: https://migu.188766.xyz/?migutoken=c7e586cf305a6e8dbcf7942c981007d6&id=CCTV5&type=yy, From: subscribe, IPv_Type: ipv6, Location: 美国, ISP: CloudFlare Inc., Date: None, Delay: 0.1 ms, Speed: inf M/s, Resolution: 1920x1080
Name: CCTV-5, URL: https://migu.188766.xyz/?migutoken=01e979cb80cf6cb13e0050d25a406ca1&id=CCTV5p&type=yy, From: subscribe, IPv_Type: ipv6, Location: 美国, ISP: CloudFlare Inc., Date: None, Delay: 0.1 ms, Speed: inf M/s, Resolution: 1920x1080
Name: CCTV-5, URL: https://migu.188766.xyz/?migutoken=2ffa09cb078a6b2a73ce9c59c942d713&id=CCTV5&type=yy, From: subscribe, IPv_Type: ipv6, Location: 美国, ISP: CloudFlare Inc., Date: None, Delay: 0.1 ms, Speed: inf M/s, Resolution: 1920x1080
Name: CCTV-5, URL: https://migu.188766.xyz/?migutoken=0313805798d95dd1f210198858e0a662&id=CCTV5p&type=yy, From: subscribe, IPv_Type: ipv6, Location: 美国, ISP: CloudFlare Inc., Date: None, Delay: 0.1 ms, Speed: inf M/s, Resolution: 1920x1080
Name: CCTV-5, URL: https://migu.188766.xyz/?migutoken=90c6c30caabd2ffb89405cf2a3fdcac5&id=CCTV5&type=yy, From: subscribe, IPv_Type: ipv6, Location: 美国, ISP: CloudFlare Inc., Date: None, Delay: 0.1 ms, Speed: inf M/s, Resolution: 1920x1080
Name: CCTV-5, URL: https://migu.188766.xyz/?migutoken=fa4702ef64435bbb4720ff3e24eb206e&id=CCTV5p&type=yy, From: subscribe, IPv_Type: ipv6, Location: 美国, ISP: CloudFlare Inc., Date: None, Delay: 0.1 ms, Speed: inf M/s, Resolution: 1920x1080
Name: CCTV-5, URL: https://migu.188766.xyz/?migutoken=822121822274613eb1e51d5c9d427452&id=CCTV5&type=yy, From: subscribe, IPv_Type: ipv6, Location: 美国, ISP: CloudFlare Inc., Date: None, Delay: 0.1 ms, Speed: inf M/s, Resolution: 1920x1080
Name: CCTV-5, URL: https://migu.188766.xyz/?migutoken=dcd0cb2d7e71d9b7c787549e96edfb01&id=CCTV5p&type=yy, From: subscribe, IPv_Type: ipv6, Location: 美国, ISP: CloudFlare Inc., Date: None, Delay: 0.1 ms, Speed: inf M/s, Resolution: 1920x1080
Name: CCTV-5, URL: https://migu.188766.xyz/?migutoken=3ca4c7c86076eecc26c1ee0c8f3044f0&id=CCTV5&type=yy, From: subscribe, IPv_Type: ipv6, Location: 美国, ISP: CloudFlare Inc., Date: None, Delay: 0.1 ms, Speed: inf M/s, Resolution: 1920x1080
Name: CCTV-5, URL: https://migu.188766.xyz/?migutoken=e9af0236866ebdb8e86dbb5081b5d4e8&id=CCTV5p&type=yy, From: subscribe, IPv_Type: ipv6, Location: 美国, ISP: CloudFlare Inc., Date: None, Delay: 0.1 ms, Speed: inf M/s, Resolution: 1920x1080
Name: CCTV-5, URL: https://migu.188766.xyz/?migutoken=e81bfc1129aa49af56c1a7e1f8810266&id=CCTV5&type=yy, From: subscribe, IPv_Type: ipv6, Location: 美国, ISP: CloudFlare Inc., Date: None, Delay: 0.1 ms, Speed: inf M/s, Resolution: 1920x1080
Name: CCTV-5, URL: https://migu.188766.xyz/?migutoken=ee1a1f0d7fd09a784b3f7fa78942884b&id=CCTV5p&type=yy, From: subscribe, IPv_Type: ipv6, Location: 美国, ISP: CloudFlare Inc., Date: None, Delay: 0.1 ms, Speed: inf M/s, Resolution: 1920x1080
Name: CCTV-5, URL: https://migu.188766.xyz/?migutoken=e45ef9e248325298eeaa19ff57301a94&id=CCTV5&type=yy, From: subscribe, IPv_Type: ipv6, Location: 美国, ISP: CloudFlare Inc., Date: None, Delay: 0.1 ms, Speed: inf M/s, Resolution: 1920x1080
Name: CCTV-5, URL: https://migu.188766.xyz/?migutoken=4cb8ba0277fed5e59d7bbf6992ec0c00&id=CCTV5p&type=yy, From: subscribe, IPv_Type: ipv6, Location: 美国, ISP: CloudFlare Inc., Date: None, Delay: 0.1 ms, Speed: inf M/s, Resolution: 1920x1080
Name: CCTV-5, URL: https://migu.188766.xyz/?migutoken=3f3af04787056da1a6b1863120a95171&id=CCTV5&type=yy, From: subscribe, IPv_Type: ipv6, Location: 美国, ISP: CloudFlare Inc., Date: None, Delay: 0.1 ms, Speed: inf M/s, Resolution: 1920x1080
Name: CCTV-5, URL: https://migu.188766.xyz/?migutoken=bbf3aa23ecdd29ac5a1fb66e31edb6bc&id=CCTV5p&type=yy, From: subscribe, IPv_Type: ipv6, Location: 美国, ISP: CloudFlare Inc., Date: None, Delay: 0.1 ms, Speed: inf M/s, Resolution: 1920x1080
Name: CCTV-5, URL: https://migu.188766.xyz/?migutoken=d571113f2b9daa02ca501bc2bba37c24&id=CCTV5&type=yy, From: subscribe, IPv_Type: ipv6, Location: 美国, ISP: CloudFlare Inc., Date: None, Delay: 0.1 ms, Speed: inf M/s, Resolution: 1920x1080
Name: CCTV-5, URL: https://migu.188766.xyz/?migutoken=4a169c212039ec372ac031a550589930&id=CCTV5p&type=yy, From: subscribe, IPv_Type: ipv6, Location: 美国, ISP: CloudFlare Inc., Date: None, Delay: 0.1 ms, Speed: inf M/s, Resolution: 1920x1080
Name: CCTV-5, URL: https://migu.188766.xyz/?migutoken=320878979ac25ea16b8bf841b9e8c408&id=CCTV5&type=yy, From: subscribe, IPv_Type: ipv6, Location: 美国, ISP: CloudFlare Inc., Date: None, Delay: 0.1 ms, Speed: inf M/s, Resolution: 1920x1080
Name: CCTV-5, URL: https://migu.188766.xyz/?migutoken=2cc22d3d6cbb518bda1fa0511b52a38e&id=CCTV5p&type=yy, From: subscribe, IPv_Type: ipv6, Location: 美国, ISP: CloudFlare Inc., Date: None, Delay: 0.1 ms, Speed: inf M/s, Resolution: 1920x1080
Name: CCTV-5, URL: https://migu.188766.xyz/?migutoken=6da9dd3c7d37210f738039f7b8434453&id=CCTV5&type=yy, From: subscribe, IPv_Type: ipv6, Location: 美国, ISP: CloudFlare Inc., Date: None, Delay: 0.1 ms, Speed: inf M/s, Resolution: 1920x1080
Name: CCTV-5, URL: https://migu.188766.xyz/?migutoken=e0e465fd676646c4e33a92a77e7f7e81&id=CCTV5p&type=yy, From: subscribe, IPv_Type: ipv6, Location: 美国, ISP: CloudFlare Inc., Date: None, Delay: 0.1 ms, Speed: inf M/s, Resolution: 1920x1080
Name: CCTV-5, URL: https://migu.188766.xyz/?migutoken=015dac1ba88c65f57a7a9d1c8b707372&id=CCTV5&type=yy, From: subscribe, IPv_Type: ipv6, Location: 美国, ISP: CloudFlare Inc., Date: None, Delay: 0.1 ms, Speed: inf M/s, Resolution: 1920x1080
Name: CCTV-5, URL: https://migu.188766.xyz/?migutoken=5594c13771eda0047e0b8d0c0921bc69&id=CCTV5p&type=yy, From: subscribe, IPv_Type: ipv6, Location: 美国, ISP: CloudFlare Inc., Date: None, Delay: 0.1 ms, Speed: inf M/s, Resolution: 1920x1080
Name: CCTV-5, URL: https://migu.188766.xyz/?migutoken=0b3886af850071a8162f53ed77831b88&id=CCTV5&type=yy, From: subscribe, IPv_Type: ipv6, Location: 美国, ISP: CloudFlare Inc., Date: None, Delay: 0.1 ms, Speed: inf M/s, Resolution: 1920x1080
Name: CCTV-5, URL: https://migu.188766.xyz/?migutoken=67736b223a5b665d69afb10857ac5363&id=CCTV5p&type=yy, From: subscribe, IPv_Type: ipv6, Location: 美国, ISP: CloudFlare Inc., Date: None, Delay: 0.1 ms, Speed: inf M/s, Resolution: 1920x1080
Name: CCTV-5, URL: https://migu.188766.xyz/?migutoken=48bbd30016633cbcf423647047d90a4f&id=CCTV5&type=yy, From: subscribe, IPv_Type: ipv6, Location: 美国, ISP: CloudFlare Inc., Date: None, Delay: 0.1 ms, Speed: inf M/s, Resolution: 1920x1080
Name: CCTV-5, URL: https://migu.188766.xyz/?migutoken=a3824db7270042308673fa905895aece&id=CCTV5p&type=yy, From: subscribe, IPv_Type: ipv6, Location: 美国, ISP: CloudFlare Inc., Date: None, Delay: 0.1 ms, Speed: inf M/s, Resolution: 1920x1080
Name: CCTV-5, URL: https://migu.188766.xyz/?migutoken=36ff4fc38592b4ab3ea98562490a613d&id=CCTV5&type=yy, From: subscribe, IPv_Type: ipv6, Location: 美国, ISP: CloudFlare Inc., Date: None, Delay: 0.1 ms, Speed: inf M/s, Resolution: 1920x1080
Name: CCTV-5, URL: https://migu.188766.xyz/?migutoken=4d76e7eded549f1bb07c6bcd7aeaa56f&id=CCTV5p&type=yy, From: subscribe, IPv_Type: ipv6, Location: 美国, ISP: CloudFlare Inc., Date: None, Delay: 0.1 ms, Speed: inf M/s, Resolution: 1920x1080
Name: CCTV-5, URL: https://migu.188766.xyz/?migutoken=b3bde64f5b6efe8d0ad02e65e09785ae&id=CCTV5&type=yy, From: subscribe, IPv_Type: ipv6, Location: 美国, ISP: CloudFlare Inc., Date: None, Delay: 0.1 ms, Speed: inf M/s, Resolution: 1920x1080
Name: CCTV-5, URL: https://migu.188766.xyz/?migutoken=b28b2625ab79f3f568ba8673127a2913&id=CCTV5p&type=yy, From: subscribe, IPv_Type: ipv6, Location: 美国, ISP: CloudFlare Inc., Date: None, Delay: 0.1 ms, Speed: inf M/s, Resolution: 1920x1080
Name: CCTV-5, URL: https://migu.188766.xyz/?migutoken=0ef31531d347dfb6e1d0c26d4217578e&id=CCTV5&type=yy, From: subscribe, IPv_Type: ipv6, Location: 美国, ISP: CloudFlare Inc., Date: None, Delay: 0.1 ms, Speed: inf M/s, Resolution: 1920x1080
Name: CCTV-5, URL: https://migu.188766.xyz/?migutoken=cff335bae78b3d8e8e188fa0d603821e&id=CCTV5p&type=yy, From: subscribe, IPv_Type: ipv6, Location: 美国, ISP: CloudFlare Inc., Date: None, Delay: 0.1 ms, Speed: inf M/s, Resolution: 1920x1080
Name: CCTV-5, URL: https://migu.188766.xyz/?migutoken=763b4e6a2dc36a2fc9bce9561156de93&id=CCTV5&type=yy, From: subscribe, IPv_Type: ipv6, Location: 美国, ISP: CloudFlare Inc., Date: None, Delay: 0.1 ms, Speed: inf M/s, Resolution: 1920x1080
Name: CCTV-5, URL: https://migu.188766.xyz/?migutoken=106f338e986b8dc33591373ac654068a&id=CCTV5p&type=yy, From: subscribe, IPv_Type: ipv6, Location: 美国, ISP: CloudFlare Inc., Date: None, Delay: 0.1 ms, Speed: inf M/s, Resolution: 1920x1080
Name: CCTV-5, URL: https://migu.188766.xyz/?migutoken=07490da5f2a06be9036792be8bb76ef9&id=CCTV5&type=yy, From: subscribe, IPv_Type: ipv6, Location: 美国, ISP: CloudFlare Inc., Date: None, Delay: 0.1 ms, Speed: inf M/s, Resolution: 1920x1080
Name: CCTV-5, URL: https://migu.188766.xyz/?migutoken=6cffffbb4b3d117bf9b00656a87e55dc&id=CCTV5p&type=yy, From: subscribe, IPv_Type: ipv6, Location: 美国, ISP: CloudFlare Inc., Date: None, Delay: 0.1 ms, Speed: inf M/s, Resolution: 1920x1080
Name: CCTV-5, URL: https://migu.188766.xyz/?migutoken=69eaca09f1e6b2b2797e4a4c2fe34233&id=CCTV5&type=yy, From: subscribe, IPv_Type: ipv6, Location: 美国, ISP: CloudFlare Inc., Date: None, Delay: 0.1 ms, Speed: inf M/s, Resolution: 1920x1080
Name: CCTV-5, URL: https://migu.188766.xyz/?migutoken=04f4dfedad9497278a0786dd87f38311&id=CCTV5p&type=yy, From: subscribe, IPv_Type: ipv6, Location: 美国, ISP: CloudFlare Inc., Date: None, Delay: 0.1 ms, Speed: inf M/s, Resolution: 1920x1080
Name: CCTV-5, URL: https://migu.188766.xyz/?migutoken=c42551c689288d1c6f6a9e95a5d9d387&id=CCTV5&type=yy, From: subscribe, IPv_Type: ipv6, Location: 美国, ISP: CloudFlare Inc., Date: None, Delay: -1 ms, Speed: 0.00 M/s, Resolution: None
Name: CCTV-5, URL: https://migu.188766.xyz/?migutoken=22a1935beff8df1352b3b47bd548c04f&id=CCTV5p&type=yy, From: subscribe, IPv_Type: ipv6, Location: 美国, ISP: CloudFlare Inc., Date: None, Delay: -1 ms, Speed: 0.00 M/s, Resolution: None
Name: CCTV-5, URL: http://tvgslb.hn.chinamobile.com:8089/180000001002/00000001000000000099000000197689/main.m3u8?stbid=, From: subscribe, IPv_Type: ipv6, Location: 中国, ISP: 中国移动, Date: None, Delay: -1 ms, Speed: 0.00 M/s, Resolution: None
Name: CCTV-5, URL: http://tvgslb.hn.chinamobile.com:8089/180000001002/00000001000000000008000000047456/main.m3u8?stbid=, From: subscribe, IPv_Type: ipv6, Location: 中国, ISP: 中国移动, Date: None, Delay: -1 ms, Speed: 0.00 M/s, Resolution: None
Name: CCTV-5, URL: http://hwottcdn.ln.chinamobile.com/PLTV/11/224/3221227218/index.m3u8, From: subscribe, IPv_Type: ipv6, Location: 中国, ISP: 中国移动, Date: None, Delay: -1 ms, Speed: 0.00 M/s, Resolution: None
Name: CCTV-5, URL: http://ott.mobaibox.com/PLTV/3/224/3221228502/index.m3u8, From: subscribe, IPv_Type: ipv6, Location: 中国, ISP: 中国移动, Date: None, Delay: -1 ms, Speed: 0.00 M/s, Resolution: None
Name: CCTV-5, URL: http://hwltc.tv.cdn.zj.chinamobile.com/PLTV/88888888/224/3221236444/index.m3u8, From: subscribe, IPv_Type: ipv6, Location: 中国, ISP: 中国移动, Date: None, Delay: -1 ms, Speed: 0.00 M/s, Resolution: None
Name: CCTV-5, URL: http://hwottcdn.ln.chinamobile.com/PLTV/11/224/3221227293/index.m3u8, From: subscribe, IPv_Type: ipv6, Location: 中国, ISP: 中国移动, Date: None, Delay: -1 ms, Speed: 0.00 M/s, Resolution: None
Name: CCTV-5, URL: http://hwottcdn.ln.chinamobile.com/PLTV/11/224/3221227338/index.m3u8, From: subscribe, IPv_Type: ipv6, Location: 中国, ISP: 中国移动, Date: None, Delay: -1 ms, Speed: 0.00 M/s, Resolution: None
Name: CCTV-5, URL: http://hwottcdn.ln.chinamobile.com/PLTV/11/224/3221226200/index.m3u8, From: subscribe, IPv_Type: ipv6, Location: 中国, ISP: 中国移动, Date: None, Delay: -1 ms, Speed: 0.00 M/s, Resolution: None
Name: CCTV-5, URL: http://k.061899.xyz/k.php?id=cctv5, From: subscribe, IPv_Type: ipv6, Location: 新加坡, ISP: Aceville Pte.Ltd., Date: None, Delay: -1 ms, Speed: 0.00 M/s, Resolution: None
Name: CCTV-5, URL: http://tvgslb.hn.chinamobile.com:8089/180000001002/00000000000000020000000000182561/main.m3u8?stbid=, From: subscribe, IPv_Type: ipv6, Location: 中国, ISP: 中国移动, Date: None, Delay: -1 ms, Speed: 0.00 M/s, Resolution: None
Name: CCTV-5, URL: http://ott.mobaibox.com/PLTV/3/224/3221228176/index.m3u8, From: subscribe, IPv_Type: ipv6, Location: 中国, ISP: 中国移动, Date: None, Delay: -1 ms, Speed: 0.00 M/s, Resolution: None
Name: CCTV-5, URL: http://k.061899.xyz/k.php?id=cctv5p, From: subscribe, IPv_Type: ipv6, Location: 新加坡, ISP: Aceville Pte.Ltd., Date: None, Delay: -1 ms, Speed: 0.00 M/s, Resolution: None
Name: CCTV-5, URL: http://hwottcdn.ln.chinamobile.com/PLTV/11/224/3221226910/index.m3u8, From: subscribe, IPv_Type: ipv6, Location: 中国, ISP: 中国移动, Date: None, Delay: -1 ms, Speed: 0.00 M/s, Resolution: None
Name: CCTV-5, URL: http://rrs01.hw.gmcc.net:8088/PLTV/81/224/3221226711/1.m3u8, From: subscribe, IPv_Type: ipv6, Location: 中国, ISP: 中国移动, Date: None, Delay: -1 ms, Speed: 0.00 M/s, Resolution: None
Name: CCTV-5, URL: http://hwltc.tv.cdn.zj.chinamobile.com/PLTV/88888888/224/3221236306/index.m3u8, From: subscribe, IPv_Type: ipv6, Location: 中国, ISP: 中国移动, Date: None, Delay: -1 ms, Speed: 0.00 M/s, Resolution: None
Name: CCTV-5, URL: http://tvgslb.hn.chinamobile.com:8089/180000001002/00000001000000000008000000047442/main.m3u8?stbid=, From: subscribe, IPv_Type: ipv6, Location: 中国, ISP: 中国移动, Date: None, Delay: -1 ms, Speed: 0.00 M/s, Resolution: None
Name: CCTV-5, URL: http://hwottcdn.ln.chinamobile.com/PLTV/11/224/3221227236/index.m3u8, From: subscribe, IPv_Type: ipv6, Location: 中国, ISP: 中国移动, Date: None, Delay: -1 ms, Speed: 0.00 M/s, Resolution: None
Name: CCTV-5, URL: http://hwottcdn.ln.chinamobile.com/PLTV/11/224/3221226745/index.m3u8, From: subscribe, IPv_Type: ipv6, Location: 中国, ISP: 中国移动, Date: None, Delay: -1 ms, Speed: 0.00 M/s, Resolution: None
Name: CCTV-5, URL: http://hwottcdn.ln.chinamobile.com/PLTV/11/224/3221226198/index.m3u8, From: subscribe, IPv_Type: ipv6, Location: 中国, ISP: 中国移动, Date: None, Delay: -1 ms, Speed: 0.00 M/s, Resolution: None
Name: CCTV-5, URL: https://migu.188766.xyz/?migutoken=cef9d26a1aeb0e6f5282a07f1a2bdaa6&id=CCTV5&type=yy, From: subscribe, IPv_Type: ipv6, Location: 美国, ISP: CloudFlare Inc., Date: None, Delay: -1 ms, Speed: 0.00 M/s, Resolution: None
Name: CCTV-5, URL: https://migu.188766.xyz/?migutoken=4aa339bd9b06016a10fea48423167f67&id=CCTV5p&type=yy, From: subscribe, IPv_Type: ipv6, Location: 美国, ISP: CloudFlare Inc., Date: None, Delay: -1 ms, Speed: 0.00 M/s, Resolution: None
Name: CCTV-5, URL: https://migu.188766.xyz/?migutoken=c8e0133967a0e288f7032f0e27300aa3&id=CCTV5&type=yy, From: subscribe, IPv_Type: ipv6, Location: 美国, ISP: CloudFlare Inc., Date: None, Delay: -1 ms, Speed: 0.00 M/s, Resolution: None
Name: CCTV-5, URL: https://migu.188766.xyz/?migutoken=2e433173463e31485c5182c461feb0ea&id=CCTV5p&type=yy, From: subscribe, IPv_Type: ipv6, Location: 美国, ISP: CloudFlare Inc., Date: None, Delay: -1 ms, Speed: 0.00 M/s, Resolution: None
Name: CCTV-5, URL: https://migu.188766.xyz/?migutoken=f9b995f0f53da3d4333bd647b37d20b6&id=CCTV5&type=yy, From: subscribe, IPv_Type: ipv6, Location: 美国, ISP: CloudFlare Inc., Date: None, Delay: -1 ms, Speed: 0.00 M/s, Resolution: None
Name: CCTV-5, URL: https://migu.188766.xyz/?migutoken=d21e9fd89e94b33e00649c1c360fd768&id=CCTV5p&type=yy, From: subscribe, IPv_Type: ipv6, Location: 美国, ISP: CloudFlare Inc., Date: None, Delay: -1 ms, Speed: 0.00 M/s, Resolution: None
Name: CCTV-5, URL: https://migu.188766.xyz/?migutoken=19d7756686bee8bab550504b3a8e998b&id=CCTV5&type=yy, From: subscribe, IPv_Type: ipv6, Location: 美国, ISP: CloudFlare Inc., Date: None, Delay: -1 ms, Speed: 0.00 M/s, Resolution: None
Name: CCTV-5, URL: https://migu.188766.xyz/?migutoken=297fb9c57607a408e6f367a87d1f63c4&id=CCTV5p&type=yy, From: subscribe, IPv_Type: ipv6, Location: 美国, ISP: CloudFlare Inc., Date: None, Delay: -1 ms, Speed: 0.00 M/s, Resolution: None
Name: CCTV-5, URL: https://migu.188766.xyz/?migutoken=7764b3003bb40318de3e079067665117&id=CCTV5&type=yy, From: subscribe, IPv_Type: ipv6, Location: 美国, ISP: CloudFlare Inc., Date: None, Delay: -1 ms, Speed: 0.00 M/s, Resolution: None
Name: CCTV-5, URL: https://migu.188766.xyz/?migutoken=eb8b7df54981b8d912718f5547ad2f94&id=CCTV5p&type=yy, From: subscribe, IPv_Type: ipv6, Location: 美国, ISP: CloudFlare Inc., Date: None, Delay: -1 ms, Speed: 0.00 M/s, Resolution: None
Name: CCTV-5, URL: http://38.75.136.137:98/gslb/dsdqpub/cctv5p.m3u8?auth=testpub, From: subscribe, IPv_Type: ipv4, Location: 美国-伊利诺伊州-库克, ISP: Cogent, Date: None, Delay: 293 ms, Speed: 5.08 M/s, Resolution: 1920x1080
Name: CCTV-5, URL: http://38.75.136.137:98/gslb/dsdqbv/cctv5hd.m3u8?auth=test20251009, From: subscribe, IPv_Type: ipv4, Location: 美国-伊利诺伊州-库克, ISP: Cogent, Date: None, Delay: 741 ms, Speed: 4.69 M/s, Resolution: 1920x1080
Name: CCTV-5, URL: http://23.237.228.134/live5/CCTV5.m3u8, From: subscribe, IPv_Type: ipv4, Location: 北美地区, ISP: , Date: None, Delay: 1131 ms, Speed: 2.64 M/s, Resolution: 1920x1080
Name: CCTV-5, URL: http://38.75.136.137:98/gslb/dsdqbv/cctv5p.m3u8?auth=test20251009, From: subscribe, IPv_Type: ipv4, Location: 美国-伊利诺伊州-库克, ISP: Cogent, Date: None, Delay: 628 ms, Speed: 2.40 M/s, Resolution: 1920x1080
Name: CCTV-5, URL: http://23.237.228.134/live5/CCTV5p.m3u8, From: subscribe, IPv_Type: ipv4, Location: 北美地区, ISP: , Date: None, Delay: 1091 ms, Speed: 2.29 M/s, Resolution: 1920x1080
